EmployeeKey,EmployeeNumber,Age,Gender,MaritalStatus,EducationLevel,EducationField
1,1,41,Female,Single,2,Life Sciences
2,2,49,Male,Married,1,Life Sciences
3,4,37,Male,Single,2,Other
4,5,33,Female,Married,4,Life Sciences
5,7,27,Male,Married,1,Medical
6,8,32,Male,Single,2,Life Sciences
7,10,59,Female,Married,3,Medical
8,11,30,Male,Divorced,1,Life Sciences
9,12,38,Male,Single,3,Life Sciences
10,13,36,Male,Married,3,Medical
11,14,35,Male,Married,3,Medical
12,15,29,Female,Single,2,Life Sciences
13,16,31,Male,Divorced,1,Life Sciences
14,18,34,Male,Divorced,2,Medical
15,19,28,Male,Single,3,Life Sciences
16,20,29,Female,Divorced,4,Life Sciences
17,21,32,Male,Divorced,2,Life Sciences
18,22,22,Male,Divorced,2,Medical
19,23,53,Female,Married,4,Life Sciences
20,24,38,Male,Single,3,Life Sciences
21,26,24,Female,Divorced,2,Other
22,27,36,Male,Single,4,Life Sciences
23,28,34,Female,Single,4,Life Sciences
24,30,21,Male,Single,2,Life Sciences
25,31,34,Male,Single,1,Medical
26,32,53,Female,Divorced,3,Other
27,33,32,Female,Single,1,Life Sciences
28,35,42,Male,Married,4,Marketing
29,36,44,Female,Married,4,Medical
30,38,46,Female,Single,4,Marketing
31,39,33,Male,Single,3,Medical
32,40,44,Male,Married,4,Other
33,41,30,Male,Single,2,Medical
34,42,39,Male,Married,3,Technical Degree
35,45,24,Male,Married,3,Medical
36,46,43,Female,Divorced,2,Medical
37,47,50,Male,Married,2,Marketing
38,49,35,Female,Married,3,Marketing
39,51,36,Female,Married,4,Life Sciences
40,52,33,Female,Married,3,Life Sciences
41,53,35,Male,Divorced,2,Other
42,54,27,Female,Divorced,4,Life Sciences
43,55,26,Male,Single,3,Life Sciences
44,56,27,Male,Single,3,Life Sciences
45,57,30,Female,Single,2,Medical
46,58,41,Female,Married,3,Technical Degree
47,60,34,Male,Single,4,Marketing
48,61,37,Male,Married,2,Life Sciences
49,62,46,Male,Single,4,Marketing
50,63,35,Male,Married,1,Life Sciences
51,64,48,Male,Single,2,Life Sciences
52,65,28,Male,Single,4,Technical Degree
53,68,44,Female,Divorced,5,Marketing
54,70,35,Male,Married,2,Medical
55,72,26,Female,Married,3,Marketing
56,73,33,Female,Single,2,Life Sciences
57,74,35,Male,Married,5,Life Sciences
58,75,35,Female,Married,4,Medical
59,76,31,Male,Divorced,4,Life Sciences
60,77,37,Male,Divorced,4,Life Sciences
61,78,32,Male,Married,3,Medical
62,79,38,Female,Single,5,Life Sciences
63,80,50,Female,Divorced,2,Medical
64,81,59,Female,Single,3,Life Sciences
65,83,36,Female,Divorced,3,Technical Degree
66,84,55,Female,Divorced,3,Medical
67,85,36,Male,Single,3,Life Sciences
68,86,45,Male,Divorced,3,Life Sciences
69,88,35,Male,Married,3,Medical
70,90,36,Male,Married,3,Medical
71,91,59,Female,Single,1,Life Sciences
72,94,29,Male,Married,3,Life Sciences
73,95,31,Male,Single,4,Medical
74,96,32,Male,Married,3,Life Sciences
75,97,36,Female,Married,3,Life Sciences
76,98,31,Female,Single,4,Life Sciences
77,100,35,Male,Single,4,Marketing
78,101,45,Male,Married,4,Other
79,102,37,Male,Single,4,Medical
80,103,46,Male,Divorced,2,Medical
81,104,30,Male,Married,1,Life Sciences
82,105,35,Male,Single,3,Medical
83,106,55,Male,Married,2,Life Sciences
84,107,38,Female,Divorced,3,Medical
85,110,34,Male,Married,2,Medical
86,112,56,Male,Single,3,Life Sciences
87,113,23,Male,Divorced,1,Technical Degree
88,116,51,Male,Married,4,Life Sciences
89,117,30,Male,Married,3,Life Sciences
90,118,46,Male,Single,2,Medical
91,119,40,Male,Married,4,Life Sciences
92,120,51,Male,Single,4,Marketing
93,121,30,Female,Divorced,2,Medical
94,124,46,Male,Married,3,Medical
95,125,32,Male,Single,4,Medical
96,126,54,Female,Married,4,Technical Degree
97,128,24,Female,Married,2,Other
98,129,28,Male,Married,3,Medical
99,131,58,Male,Single,4,Medical
100,132,44,Male,Married,3,Medical
101,133,37,Male,Divorced,4,Human Resources
102,134,32,Male,Single,1,Life Sciences
103,137,20,Female,Single,3,Life Sciences
104,138,34,Female,Single,4,Other
105,139,37,Male,Divorced,2,Life Sciences
106,140,59,Female,Married,4,Human Resources
107,141,50,Female,Married,3,Life Sciences
108,142,25,Male,Single,3,Marketing
109,143,25,Male,Married,1,Medical
110,144,22,Female,Single,3,Medical
111,145,51,Female,Single,4,Medical
112,147,34,Male,Single,3,Life Sciences
113,148,54,Female,Single,3,Human Resources
114,150,24,Male,Married,1,Life Sciences
115,151,34,Female,Divorced,4,Life Sciences
116,152,37,Male,Single,3,Life Sciences
117,153,34,Female,Single,3,Medical
118,154,36,Female,Married,2,Technical Degree
119,155,36,Female,Divorced,2,Life Sciences
120,158,43,Male,Married,2,Life Sciences
121,159,30,Male,Divorced,3,Life Sciences
122,160,33,Male,Married,2,Marketing
123,161,56,Female,Married,4,Life Sciences
124,162,51,Male,Single,3,Life Sciences
125,163,31,Male,Married,4,Life Sciences
126,164,26,Female,Married,3,Other
127,165,58,Female,Married,4,Medical
128,167,19,Male,Single,1,Marketing
129,169,22,Male,Married,1,Technical Degree
130,170,49,Female,Married,4,Medical
131,171,43,Female,Single,3,Medical
132,174,50,Female,Single,3,Marketing
133,175,31,Female,Married,3,Life Sciences
134,176,41,Male,Divorced,1,Life Sciences
135,177,26,Female,Married,1,Life Sciences
136,178,36,Male,Divorced,2,Medical
137,179,51,Male,Single,4,Life Sciences
138,182,39,Female,Married,4,Life Sciences
139,183,25,Male,Married,3,Life Sciences
140,184,30,Male,Married,3,Human Resources
141,190,32,Female,Single,3,Medical
142,192,45,Male,Single,3,Medical
143,193,38,Female,Single,5,Technical Degree
144,194,30,Female,Single,3,Life Sciences
145,195,32,Male,Divorced,2,Medical
146,197,30,Female,Divorced,3,Technical Degree
147,198,30,Male,Single,1,Medical
148,199,41,Male,Divorced,3,Life Sciences
149,200,41,Male,Married,4,Life Sciences
150,201,19,Female,Single,1,Medical
151,202,40,Female,Divorced,3,Medical
152,204,35,Male,Married,5,Marketing
153,205,53,Male,Married,2,Marketing
154,206,45,Male,Divorced,3,Life Sciences
155,207,32,Female,Single,3,Marketing
156,208,29,Male,Married,1,Technical Degree
157,211,51,Male,Married,4,Medical
158,214,58,Female,Married,3,Medical
159,215,40,Male,Married,4,Marketing
160,216,34,Female,Married,4,Marketing
161,217,22,Male,Married,1,Medical
162,218,27,Male,Divorced,3,Medical
163,221,28,Male,Married,3,Medical
164,223,57,Male,Divorced,2,Life Sciences
165,224,27,Male,Divorced,3,Medical
166,226,50,Female,Single,3,Life Sciences
167,227,41,Male,Divorced,3,Life Sciences
168,228,30,Female,Married,3,Life Sciences
169,230,38,Female,Single,4,Life Sciences
170,231,32,Male,Single,5,Life Sciences
171,233,27,Male,Married,3,Technical Degree
172,235,19,Female,Single,1,Technical Degree
173,238,36,Male,Single,2,Medical
174,239,30,Male,Divorced,3,Medical
175,240,45,Female,Divorced,2,Life Sciences
176,241,56,Female,Divorced,3,Life Sciences
177,242,33,Male,Single,3,Life Sciences
178,243,19,Male,Single,3,Life Sciences
179,244,46,Female,Divorced,2,Marketing
180,245,38,Female,Single,2,Life Sciences
181,246,31,Female,Married,1,Medical
182,247,34,Female,Single,2,Medical
183,248,41,Female,Single,2,Marketing
184,249,50,Male,Married,3,Medical
185,250,53,Female,Divorced,2,Medical
186,252,33,Female,Married,3,Medical
187,253,40,Female,Married,1,Medical
188,254,55,Male,Single,4,Medical
189,256,34,Male,Married,1,Life Sciences
190,258,51,Female,Single,3,Medical
191,259,52,Male,Married,4,Life Sciences
192,260,27,Female,Single,3,Medical
193,261,35,Male,Married,2,Life Sciences
194,262,43,Male,Divorced,3,Medical
195,264,45,Male,Married,2,Medical
196,267,37,Male,Married,3,Life Sciences
197,269,35,Female,Single,3,Medical
198,270,42,Female,Divorced,2,Medical
199,271,38,Male,Married,4,Life Sciences
200,273,38,Male,Married,3,Technical Degree
201,274,27,Male,Married,1,Technical Degree
202,275,49,Male,Divorced,4,Life Sciences
203,277,34,Male,Divorced,4,Medical
204,281,40,Male,Married,2,Medical
205,282,38,Male,Married,1,Medical
206,283,29,Female,Married,3,Marketing
207,284,22,Male,Divorced,3,Life Sciences
208,286,36,Female,Single,1,Medical
209,287,40,Male,Married,5,Life Sciences
210,288,46,Male,Divorced,4,Medical
211,291,32,Male,Married,4,Medical
212,292,30,Male,Single,1,Life Sciences
213,293,27,Female,Single,3,Life Sciences
214,296,51,Male,Married,4,Life Sciences
215,297,30,Female,Single,3,Technical Degree
216,298,41,Female,Single,3,Life Sciences
217,299,30,Female,Single,4,Marketing
218,300,29,Male,Single,3,Technical Degree
219,302,45,Female,Single,3,Medical
220,303,54,Female,Married,3,Marketing
221,304,36,Male,Single,2,Life Sciences
222,305,33,Female,Married,4,Medical
223,306,37,Male,Divorced,3,Other
224,307,38,Male,Divorced,3,Life Sciences
225,308,31,Male,Married,4,Medical
226,309,59,Male,Married,3,Life Sciences
227,311,37,Male,Divorced,4,Marketing
228,312,29,Female,Married,1,Medical
229,314,35,Female,Single,3,Marketing
230,315,29,Male,Single,1,Medical
231,316,52,Female,Single,3,Life Sciences
232,319,42,Male,Married,2,Technical Degree
233,321,59,Male,Married,2,Medical
234,323,50,Female,Divorced,4,Medical
235,325,33,Male,Married,3,Medical
236,327,43,Female,Married,3,Marketing
237,328,33,Female,Married,2,Life Sciences
238,329,52,Male,Single,4,Life Sciences
239,330,32,Female,Married,2,Life Sciences
240,331,32,Male,Single,3,Life Sciences
241,332,39,Female,Divorced,4,Medical
242,333,32,Male,Married,4,Marketing
243,334,41,Male,Divorced,2,Life Sciences
244,335,40,Male,Divorced,2,Technical Degree
245,336,45,Male,Married,3,Other
246,337,31,Male,Divorced,4,Medical
247,338,33,Female,Married,4,Life Sciences
248,339,34,Male,Married,4,Life Sciences
249,340,37,Female,Married,2,Medical
250,341,45,Male,Married,4,Life Sciences
251,342,37,Male,Divorced,3,Medical
252,343,39,Female,Single,4,Technical Degree
253,346,29,Male,Single,3,Life Sciences
254,347,42,Female,Single,2,Life Sciences
255,349,29,Male,Divorced,2,Marketing
256,350,25,Female,Married,3,Life Sciences
257,351,42,Female,Divorced,3,Medical
258,352,40,Male,Divorced,2,Medical
259,353,51,Male,Married,3,Life Sciences
260,355,31,Male,Single,2,Medical
261,359,32,Male,Married,3,Life Sciences
262,361,38,Male,Married,2,Life Sciences
263,362,32,Male,Single,1,Technical Degree
264,363,46,Female,Married,3,Technical Degree
265,364,28,Male,Single,4,Life Sciences
266,366,29,Male,Married,3,Medical
267,367,31,Male,Married,3,Medical
268,369,25,Male,Divorced,2,Life Sciences
269,372,45,Male,Married,2,Medical
270,373,36,Male,Married,3,Life Sciences
271,374,55,Male,Single,3,Medical
272,376,47,Male,Married,4,Life Sciences
273,377,28,Male,Married,3,Medical
274,378,37,Male,Married,4,Medical
275,379,21,Male,Single,2,Medical
276,380,37,Female,Divorced,4,Medical
277,381,35,Female,Divorced,3,Life Sciences
278,382,38,Female,Divorced,2,Medical
279,384,26,Female,Divorced,3,Life Sciences
280,385,50,Male,Divorced,1,Life Sciences
281,386,53,Male,Married,4,Medical
282,387,42,Male,Married,1,Life Sciences
283,388,29,Male,Single,2,Life Sciences
284,389,55,Male,Married,2,Technical Degree
285,390,26,Male,Married,2,Medical
286,391,37,Female,Single,3,Life Sciences
287,392,44,Male,Divorced,3,Life Sciences
288,393,38,Male,Divorced,4,Life Sciences
289,394,26,Male,Divorced,4,Medical
290,395,28,Female,Single,2,Life Sciences
291,396,49,Female,Single,4,Life Sciences
292,397,36,Male,Single,3,Technical Degree
293,399,31,Female,Divorced,3,Marketing
294,401,26,Male,Single,4,Marketing
295,403,37,Male,Married,3,Medical
296,404,42,Female,Married,3,Marketing
297,405,18,Male,Single,3,Life Sciences
298,406,35,Male,Married,3,Marketing
299,407,36,Male,Married,4,Life Sciences
300,408,51,Male,Divorced,3,Medical
301,410,41,Male,Single,4,Life Sciences
302,411,18,Female,Single,3,Medical
303,412,28,Male,Single,2,Medical
304,416,31,Male,Married,3,Technical Degree
305,417,39,Male,Divorced,3,Medical
306,419,36,Female,Married,4,Life Sciences
307,420,32,Male,Married,3,Life Sciences
308,421,38,Female,Married,2,Life Sciences
309,422,58,Male,Divorced,4,Life Sciences
310,423,31,Male,Married,4,Technical Degree
311,424,31,Male,Married,3,Human Resources
312,425,45,Male,Divorced,3,Life Sciences
313,426,31,Male,Divorced,4,Life Sciences
314,428,33,Female,Married,4,Life Sciences
315,429,39,Male,Married,1,Medical
316,430,43,Female,Single,4,Life Sciences
317,431,49,Female,Single,2,Technical Degree
318,433,52,Male,Married,4,Medical
319,434,27,Female,Single,3,Life Sciences
320,436,32,Female,Married,2,Technical Degree
321,437,27,Male,Single,3,Life Sciences
322,438,31,Male,Divorced,3,Marketing
323,439,32,Female,Single,4,Medical
324,440,28,Male,Married,4,Medical
325,441,30,Female,Married,2,Medical
326,442,31,Female,Married,2,Life Sciences
327,444,39,Male,Married,2,Medical
328,445,39,Female,Married,2,Medical
329,446,33,Male,Single,3,Marketing
330,447,47,Male,Married,5,Life Sciences
331,448,43,Female,Divorced,4,Life Sciences
332,449,27,Male,Married,1,Marketing
333,450,54,Female,Single,4,Life Sciences
334,451,43,Female,Married,3,Life Sciences
335,452,45,Male,Married,4,Other
336,453,40,Male,Married,2,Medical
337,454,29,Male,Married,4,Other
338,455,29,Male,Single,5,Other
339,456,30,Female,Divorced,3,Marketing
340,458,27,Female,Married,4,Marketing
341,460,37,Male,Divorced,2,Medical
342,461,38,Male,Divorced,2,Life Sciences
343,462,31,Female,Single,4,Medical
344,463,29,Female,Divorced,1,Marketing
345,464,35,Male,Single,4,Technical Degree
346,465,23,Male,Divorced,1,Life Sciences
347,466,41,Male,Single,3,Medical
348,467,47,Male,Single,1,Medical
349,468,42,Female,Single,5,Life Sciences
350,469,29,Male,Married,3,Life Sciences
351,470,42,Male,Divorced,1,Technical Degree
352,471,32,Female,Married,3,Medical
353,473,48,Female,Married,1,Medical
354,474,37,Male,Divorced,3,Medical
355,475,30,Female,Married,2,Technical Degree
356,476,26,Male,Married,3,Life Sciences
357,477,42,Male,Single,4,Other
358,478,21,Female,Single,1,Technical Degree
359,479,36,Female,Single,5,Medical
360,481,36,Male,Married,4,Medical
361,482,57,Male,Married,4,Medical
362,483,40,Female,Married,4,Life Sciences
363,484,21,Male,Single,2,Medical
364,485,33,Female,Single,3,Marketing
365,486,37,Female,Married,3,Medical
366,487,46,Female,Married,4,Medical
367,488,41,Male,Single,3,Marketing
368,491,50,Male,Single,3,Technical Degree
369,492,40,Male,Married,2,Marketing
370,493,31,Male,Single,4,Life Sciences
371,494,21,Female,Single,3,Life Sciences
372,495,29,Male,Single,3,Life Sciences
373,496,35,Male,Single,4,Life Sciences
374,497,27,Male,Divorced,2,Medical
375,498,28,Male,Single,4,Life Sciences
376,499,49,Male,Single,3,Other
377,500,51,Female,Married,2,Life Sciences
378,501,36,Female,Married,3,Life Sciences
379,502,34,Male,Single,3,Marketing
380,505,55,Female,Single,3,Life Sciences
381,507,24,Female,Divorced,4,Marketing
382,508,30,Male,Married,1,Technical Degree
383,510,26,Male,Single,1,Technical Degree
384,511,22,Female,Married,3,Medical
385,513,36,Male,Married,2,Medical
386,514,30,Male,Single,3,Technical Degree
387,515,37,Female,Divorced,3,Life Sciences
388,516,40,Female,Divorced,2,Marketing
389,517,42,Female,Divorced,4,Life Sciences
390,518,37,Male,Single,4,Life Sciences
391,520,43,Male,Divorced,3,Life Sciences
392,521,40,Female,Married,3,Medical
393,522,54,Male,Married,2,Medical
394,523,34,Female,Married,4,Marketing
395,524,31,Female,Married,2,Medical
396,525,43,Male,Married,3,Medical
397,526,43,Female,Divorced,4,Other
398,527,25,Female,Single,2,Life Sciences
399,529,37,Female,Married,5,Medical
400,530,31,Male,Married,2,Life Sciences
401,531,39,Male,Divorced,1,Life Sciences
402,532,56,Female,Married,3,Life Sciences
403,533,30,Female,Single,3,Technical Degree
404,534,41,Male,Married,3,Marketing
405,536,28,Male,Divorced,2,Medical
406,538,25,Male,Married,3,Medical
407,543,52,Male,Married,3,Medical
408,544,45,Male,Married,2,Life Sciences
409,546,52,Female,Married,2,Life Sciences
410,547,42,Female,Divorced,2,Life Sciences
411,548,30,Female,Single,3,Life Sciences
412,549,60,Female,Married,3,Life Sciences
413,550,46,Female,Divorced,3,Medical
414,551,42,Female,Married,4,Technical Degree
415,554,24,Female,Single,1,Technical Degree
416,555,34,Female,Divorced,2,Marketing
417,556,38,Male,Married,2,Life Sciences
418,558,40,Female,Married,4,Life Sciences
419,560,26,Female,Divorced,3,Life Sciences
420,562,30,Male,Married,3,Life Sciences
421,564,29,Male,Married,4,Medical
422,565,29,Female,Married,5,Technical Degree
423,566,19,Male,Single,2,Technical Degree
424,567,30,Female,Married,4,Other
425,568,57,Male,Divorced,3,Marketing
426,569,50,Male,Married,4,Life Sciences
427,571,30,Female,Single,3,Medical
428,573,60,Female,Married,3,Marketing
429,574,47,Female,Divorced,2,Medical
430,575,46,Male,Married,3,Life Sciences
431,577,35,Male,Single,3,Life Sciences
432,578,54,Female,Single,4,Life Sciences
433,579,34,Male,Divorced,4,Life Sciences
434,580,46,Female,Married,3,Marketing
435,581,31,Male,Divorced,1,Life Sciences
436,582,33,Male,Married,1,Medical
437,584,33,Male,Divorced,1,Medical
438,585,30,Male,Single,1,Marketing
439,586,35,Male,Married,3,Life Sciences
440,587,31,Male,Married,3,Life Sciences
441,590,34,Female,Divorced,3,Human Resources
442,591,42,Male,Married,2,Other
443,592,36,Male,Single,4,Medical
444,593,22,Male,Single,1,Technical Degree
445,595,48,Female,Married,5,Marketing
446,597,55,Female,Single,5,Life Sciences
447,599,41,Male,Single,2,Life Sciences
448,600,35,Male,Married,3,Marketing
449,601,40,Female,Single,3,Life Sciences
450,602,39,Female,Married,1,Life Sciences
451,604,31,Male,Single,1,Life Sciences
452,605,42,Male,Married,3,Medical
453,606,45,Male,Married,3,Other
454,608,26,Female,Divorced,4,Life Sciences
455,611,29,Male,Divorced,3,Technical Degree
456,612,33,Female,Divorced,5,Medical
457,613,31,Male,Divorced,3,Life Sciences
458,614,18,Male,Single,3,Marketing
459,615,40,Male,Divorced,3,Other
460,616,41,Female,Single,4,Other
461,618,26,Male,Divorced,2,Medical
462,620,35,Female,Single,3,Medical
463,621,34,Male,Single,4,Life Sciences
464,622,26,Male,Single,3,Technical Degree
465,623,37,Female,Single,3,Technical Degree
466,624,46,Female,Married,1,Medical
467,625,41,Female,Married,5,Life Sciences
468,626,37,Male,Divorced,4,Medical
469,630,52,Male,Divorced,2,Technical Degree
470,631,32,Male,Married,4,Other
471,632,24,Male,Married,3,Medical
472,634,38,Female,Married,3,Medical
473,635,37,Female,Married,4,Life Sciences
474,638,49,Male,Divorced,4,Life Sciences
475,639,24,Male,Married,3,Medical
476,641,26,Male,Married,2,Marketing
477,643,24,Male,Married,2,Other
478,644,50,Male,Married,3,Medical
479,645,25,Male,Married,1,Medical
480,647,24,Female,Married,3,Life Sciences
481,648,30,Male,Married,4,Life Sciences
482,649,34,Male,Married,2,Life Sciences
483,650,31,Male,Divorced,4,Medical
484,652,35,Male,Single,2,Other
485,653,31,Male,Divorced,4,Medical
486,655,27,Female,Divorced,4,Medical
487,656,37,Male,Married,3,Marketing
488,657,20,Female,Single,3,Life Sciences
489,659,42,Female,Married,4,Life Sciences
490,661,43,Male,Divorced,4,Other
491,662,38,Female,Single,1,Life Sciences
492,663,43,Male,Divorced,5,Medical
493,664,48,Female,Married,4,Life Sciences
494,665,44,Female,Single,4,Life Sciences
495,666,34,Female,Divorced,3,Technical Degree
496,667,27,Male,Divorced,1,Marketing
497,669,21,Male,Single,1,Technical Degree
498,671,44,Male,Married,4,Other
499,675,22,Male,Married,1,Medical
500,677,33,Male,Divorced,4,Marketing
501,679,32,Female,Married,4,Life Sciences
502,680,30,Female,Divorced,3,Medical
503,682,53,Female,Single,1,Medical
504,683,34,Male,Married,5,Life Sciences
505,684,45,Female,Married,4,Life Sciences
506,686,26,Female,Married,3,Life Sciences
507,689,37,Male,Married,3,Other
508,690,29,Female,Married,2,Medical
509,691,35,Male,Single,4,Life Sciences
510,692,33,Male,Divorced,3,Life Sciences
511,698,54,Male,Married,4,Medical
512,699,36,Male,Divorced,2,Medical
513,700,27,Male,Single,4,Medical
514,701,20,Male,Single,1,Medical
515,702,33,Male,Single,3,Life Sciences
516,704,35,Male,Married,3,Life Sciences
517,705,23,Male,Married,3,Medical
518,707,25,Male,Married,3,Life Sciences
519,709,38,Female,Single,4,Marketing
520,710,29,Male,Divorced,4,Life Sciences
521,712,48,Male,Married,1,Marketing
522,714,27,Female,Divorced,1,Medical
523,715,37,Male,Single,2,Life Sciences
524,716,50,Male,Married,1,Medical
525,717,34,Female,Single,3,Medical
526,720,24,Female,Single,2,Life Sciences
527,721,39,Female,Single,4,Technical Degree
528,722,32,Male,Single,3,Marketing
529,723,50,Male,Married,2,Technical Degree
530,724,38,Female,Single,4,Life Sciences
531,725,27,Female,Married,2,Life Sciences
532,727,32,Female,Single,2,Life Sciences
533,728,47,Male,Single,4,Marketing
534,729,40,Male,Married,4,Life Sciences
535,730,53,Male,Married,3,Life Sciences
536,731,41,Male,Divorced,4,Human Resources
537,732,60,Male,Single,4,Marketing
538,733,27,Male,Divorced,2,Life Sciences
539,734,41,Male,Married,3,Human Resources
540,738,50,Male,Married,4,Marketing
541,741,28,Female,Single,2,Life Sciences
542,742,36,Female,Married,3,Life Sciences
543,743,38,Female,Single,3,Life Sciences
544,744,44,Male,Single,3,Medical
545,746,47,Female,Divorced,3,Medical
546,747,30,Male,Divorced,5,Marketing
547,749,29,Male,Single,3,Life Sciences
548,752,42,Male,Divorced,3,Medical
549,754,43,Male,Married,3,Life Sciences
550,757,34,Female,Single,2,Medical
551,758,23,Male,Married,1,Medical
552,760,39,Female,Married,3,Human Resources
553,762,56,Male,Married,3,Medical
554,763,40,Female,Single,1,Medical
555,764,27,Female,Single,3,Medical
556,766,29,Male,Divorced,3,Marketing
557,769,53,Male,Single,3,Life Sciences
558,771,35,Female,Divorced,4,Life Sciences
559,772,32,Male,Married,4,Life Sciences
560,773,38,Male,Married,5,Medical
561,775,34,Female,Divorced,5,Life Sciences
562,776,52,Male,Married,4,Marketing
563,780,33,Male,Single,4,Other
564,781,25,Female,Single,1,Medical
565,783,45,Male,Single,2,Technical Degree
566,784,23,Male,Single,1,Medical
567,785,47,Female,Single,2,Life Sciences
568,786,34,Male,Single,3,Other
569,787,55,Male,Married,3,Medical
570,789,36,Male,Single,4,Life Sciences
571,791,52,Male,Married,4,Medical
572,792,26,Female,Divorced,2,Life Sciences
573,793,29,Female,Married,3,Medical
574,796,26,Male,Single,3,Technical Degree
575,797,34,Female,Single,4,Life Sciences
576,799,54,Female,Divorced,4,Medical
577,800,27,Male,Married,1,Marketing
578,802,37,Female,Divorced,1,Life Sciences
579,803,38,Female,Single,4,Life Sciences
580,804,34,Female,Single,4,Medical
581,805,35,Female,Married,4,Life Sciences
582,806,30,Male,Married,3,Life Sciences
583,807,40,Female,Married,2,Medical
584,808,34,Female,Married,2,Life Sciences
585,809,42,Male,Divorced,3,Life Sciences
586,811,23,Male,Married,3,Life Sciences
587,812,24,Male,Divorced,3,Life Sciences
588,813,52,Female,Married,4,Life Sciences
589,815,50,Male,Married,3,Medical
590,816,29,Female,Married,2,Life Sciences
591,817,33,Male,Married,3,Medical
592,819,33,Female,Single,3,Marketing
593,820,47,Female,Married,2,Other
594,823,36,Female,Married,3,Other
595,824,29,Male,Married,2,Life Sciences
596,825,58,Male,Single,4,Life Sciences
597,826,35,Female,Single,4,Life Sciences
598,827,42,Female,Married,2,Life Sciences
599,828,28,Male,Single,4,Medical
600,829,36,Male,Married,3,Human Resources
601,830,32,Female,Married,3,Life Sciences
602,832,40,Male,Single,4,Medical
603,833,30,Female,Single,3,Medical
604,834,45,Female,Single,3,Life Sciences
605,836,42,Male,Married,3,Life Sciences
606,837,38,Male,Divorced,3,Life Sciences
607,838,34,Female,Single,4,Life Sciences
608,840,49,Female,Married,3,Marketing
609,842,55,Male,Single,1,Medical
610,843,43,Male,Married,2,Life Sciences
611,844,27,Male,Divorced,1,Technical Degree
612,845,35,Male,Single,3,Other
613,846,28,Female,Married,4,Marketing
614,847,34,Male,Married,2,Human Resources
615,848,26,Female,Married,2,Medical
616,850,27,Male,Married,3,Medical
617,851,51,Female,Married,4,Marketing
618,852,44,Male,Single,3,Medical
619,854,25,Male,Single,1,Medical
620,855,33,Male,Divorced,3,Medical
621,856,35,Female,Single,1,Medical
622,857,36,Male,Married,2,Life Sciences
623,859,32,Male,Divorced,4,Life Sciences
624,861,30,Male,Divorced,4,Life Sciences
625,862,53,Female,Married,2,Marketing
626,864,45,Male,Divorced,3,Marketing
627,865,32,Female,Married,2,Medical
628,867,52,Female,Married,4,Medical
629,868,37,Male,Divorced,4,Marketing
630,869,28,Male,Divorced,2,Medical
631,872,22,Male,Married,2,Life Sciences
632,874,44,Male,Married,4,Life Sciences
633,875,42,Male,Single,1,Medical
634,878,36,Male,Married,3,Life Sciences
635,879,25,Male,Married,1,Other
636,880,35,Female,Married,3,Life Sciences
637,881,35,Female,Divorced,4,Life Sciences
638,882,32,Male,Divorced,3,Life Sciences
639,885,25,Male,Married,1,Marketing
640,887,49,Female,Married,3,Technical Degree
641,888,24,Male,Married,1,Life Sciences
642,889,32,Male,Married,2,Life Sciences
643,893,38,Male,Married,3,Marketing
644,894,42,Female,Married,3,Life Sciences
645,895,31,Male,Married,4,Life Sciences
646,896,29,Female,Divorced,3,Medical
647,897,53,Male,Married,3,Marketing
648,899,35,Male,Married,3,Technical Degree
649,900,37,Female,Married,2,Medical
650,901,53,Female,Single,4,Life Sciences
651,902,43,Female,Married,3,Life Sciences
652,903,47,Female,Married,2,Marketing
653,904,37,Male,Single,2,Medical
654,905,50,Male,Divorced,4,Life Sciences
655,909,39,Female,Married,3,Life Sciences
656,910,33,Male,Divorced,2,Human Resources
657,911,32,Male,Single,4,Life Sciences
658,912,29,Female,Divorced,1,Medical
659,913,44,Male,Married,2,Life Sciences
660,916,28,Male,Single,4,Medical
661,918,58,Male,Divorced,1,Life Sciences
662,920,43,Female,Divorced,3,Life Sciences
663,922,20,Female,Single,3,Medical
664,923,21,Female,Single,1,Other
665,924,36,Male,Married,1,Life Sciences
666,925,47,Female,Single,4,Life Sciences
667,926,22,Female,Married,1,Life Sciences
668,927,41,Female,Divorced,4,Life Sciences
669,930,28,Female,Divorced,3,Medical
670,932,39,Male,Married,3,Medical
671,933,27,Female,Single,3,Life Sciences
672,934,34,Male,Divorced,3,Life Sciences
673,936,42,Female,Single,2,Medical
674,939,33,Male,Single,4,Other
675,940,58,Female,Divorced,3,Technical Degree
676,941,31,Male,Married,4,Life Sciences
677,942,35,Female,Married,1,Life Sciences
678,944,49,Female,Married,2,Other
679,945,48,Male,Married,4,Medical
680,947,31,Female,Married,2,Marketing
681,949,36,Male,Single,4,Other
682,950,38,Female,Married,3,Technical Degree
683,951,32,Female,Married,3,Life Sciences
684,952,25,Male,Married,2,Marketing
685,954,40,Male,Divorced,4,Marketing
686,956,26,Male,Single,3,Medical
687,957,41,Male,Single,3,Medical
688,958,36,Male,Single,4,Medical
689,959,19,Male,Single,3,Other
690,960,20,Male,Single,3,Technical Degree
691,961,31,Female,Married,3,Medical
692,964,40,Male,Divorced,4,Medical
693,966,32,Female,Married,4,Medical
694,967,36,Male,Married,1,Life Sciences
695,969,33,Female,Single,3,Life Sciences
696,970,37,Male,Married,4,Life Sciences
697,972,45,Male,Married,2,Life Sciences
698,974,29,Female,Married,3,Technical Degree
699,975,35,Female,Married,3,Medical
700,976,52,Male,Married,2,Life Sciences
701,977,58,Male,Single,3,Technical Degree
702,981,53,Male,Divorced,2,Medical
703,982,30,Male,Divorced,2,Other
704,983,38,Female,Single,3,Technical Degree
705,984,35,Male,Divorced,4,Life Sciences
706,985,39,Male,Single,5,Life Sciences
707,986,40,Female,Single,3,Life Sciences
708,987,47,Male,Divorced,4,Medical
709,990,36,Male,Divorced,4,Technical Degree
710,991,31,Male,Single,2,Medical
711,992,33,Male,Single,3,Life Sciences
712,994,29,Female,Single,3,Life Sciences
713,995,33,Female,Single,1,Life Sciences
714,996,45,Female,Divorced,4,Medical
715,997,50,Male,Divorced,2,Medical
716,998,33,Female,Married,4,Other
717,999,41,Male,Divorced,3,Medical
718,1001,27,Female,Married,4,Technical Degree
719,1002,45,Male,Married,2,Life Sciences
720,1003,47,Female,Single,2,Life Sciences
721,1004,30,Female,Married,3,Life Sciences
722,1005,50,Male,Married,3,Life Sciences
723,1006,38,Male,Married,1,Medical
724,1007,46,Male,Divorced,2,Medical
725,1009,24,Female,Divorced,1,Medical
726,1010,35,Male,Divorced,4,Other
727,1011,31,Female,Married,1,Life Sciences
728,1012,18,Male,Single,2,Life Sciences
729,1013,54,Female,Married,3,Technical Degree
730,1014,35,Female,Divorced,4,Medical
731,1015,30,Female,Married,2,Life Sciences
732,1016,20,Female,Single,3,Medical
733,1017,30,Female,Single,3,Medical
734,1018,26,Male,Married,2,Medical
735,1019,22,Male,Married,1,Life Sciences
736,1022,48,Male,Single,3,Life Sciences
737,1024,48,Male,Single,4,Life Sciences
738,1025,41,Female,Single,2,Medical
739,1026,39,Female,Married,1,Life Sciences
740,1027,27,Female,Married,4,Life Sciences
741,1028,35,Male,Divorced,3,Other
742,1029,42,Male,Married,2,Marketing
743,1030,50,Male,Married,3,Life Sciences
744,1032,59,Female,Single,3,Life Sciences
745,1033,37,Female,Married,2,Medical
746,1034,55,Male,Married,4,Medical
747,1035,41,Female,Divorced,1,Life Sciences
748,1036,38,Male,Single,4,Life Sciences
749,1037,26,Male,Single,2,Medical
750,1038,52,Female,Married,1,Marketing
751,1039,44,Female,Married,3,Medical
752,1040,50,Female,Married,3,Life Sciences
753,1042,36,Female,Single,4,Life Sciences
754,1043,39,Female,Single,3,Medical
755,1044,33,Female,Single,1,Life Sciences
756,1045,45,Female,Married,2,Life Sciences
757,1046,32,Female,Single,4,Medical
758,1047,34,Male,Divorced,4,Marketing
759,1048,59,Male,Married,2,Technical Degree
760,1049,45,Male,Single,4,Medical
761,1050,53,Female,Married,3,Marketing
762,1052,36,Male,Divorced,3,Other
763,1053,26,Male,Married,3,Life Sciences
764,1055,34,Female,Married,4,Life Sciences
765,1056,28,Male,Married,1,Medical
766,1060,38,Male,Married,4,Other
767,1061,50,Male,Married,4,Medical
768,1062,37,Female,Single,3,Other
769,1066,40,Male,Married,3,Marketing
770,1068,26,Female,Divorced,1,Medical
771,1069,46,Male,Divorced,4,Medical
772,1070,54,Female,Married,4,Life Sciences
773,1071,56,Female,Married,3,Medical
774,1073,36,Female,Single,5,Medical
775,1074,55,Male,Single,1,Medical
776,1076,43,Male,Divorced,3,Medical
777,1077,20,Female,Single,3,Marketing
778,1079,21,Female,Single,3,Life Sciences
779,1080,46,Female,Divorced,4,Life Sciences
780,1081,51,Male,Married,4,Life Sciences
781,1082,28,Male,Single,2,Technical Degree
782,1083,26,Male,Married,2,Medical
783,1084,30,Male,Married,3,Other
784,1085,41,Female,Married,2,Technical Degree
785,1088,38,Female,Married,1,Life Sciences
786,1092,40,Male,Married,4,Technical Degree
787,1094,27,Male,Married,5,Life Sciences
788,1096,55,Male,Married,1,Life Sciences
789,1097,28,Female,Single,3,Other
790,1098,44,Male,Married,2,Medical
791,1099,33,Male,Divorced,3,Life Sciences
792,1100,35,Male,Single,3,Technical Degree
793,1101,33,Female,Single,4,Medical
794,1102,28,Male,Divorced,2,Life Sciences
795,1103,34,Male,Single,1,Life Sciences
796,1105,37,Female,Divorced,4,Life Sciences
797,1106,25,Male,Married,1,Technical Degree
798,1107,26,Male,Divorced,3,Medical
799,1108,33,Male,Single,3,Medical
800,1109,42,Male,Married,2,Medical
801,1111,28,Male,Divorced,3,Medical
802,1113,50,Male,Single,4,Other
803,1114,33,Female,Married,3,Life Sciences
804,1115,34,Male,Married,4,Life Sciences
805,1116,48,Male,Single,4,Medical
806,1117,45,Female,Married,4,Life Sciences
807,1118,52,Male,Single,4,Life Sciences
808,1119,38,Male,Divorced,4,Marketing
809,1120,29,Female,Divorced,4,Life Sciences
810,1121,28,Female,Divorced,3,Medical
811,1124,46,Male,Married,1,Marketing
812,1125,38,Male,Single,2,Marketing
813,1126,43,Female,Married,3,Life Sciences
814,1127,39,Male,Divorced,3,Life Sciences
815,1128,40,Male,Single,3,Medical
816,1131,21,Female,Single,1,Technical Degree
817,1132,39,Male,Single,3,Life Sciences
818,1133,36,Male,Single,4,Life Sciences
819,1135,31,Male,Married,3,Life Sciences
820,1136,28,Male,Married,1,Life Sciences
821,1137,35,Male,Divorced,2,Marketing
822,1138,49,Male,Married,4,Technical Degree
823,1140,34,Male,Single,2,Life Sciences
824,1143,29,Female,Divorced,3,Life Sciences
825,1148,42,Male,Single,3,Medical
826,1150,29,Male,Married,1,Medical
827,1152,38,Male,Married,3,Human Resources
828,1154,28,Male,Divorced,3,Life Sciences
829,1156,18,Male,Single,1,Medical
830,1157,33,Female,Single,4,Marketing
831,1158,41,Male,Married,4,Life Sciences
832,1160,31,Male,Married,3,Medical
833,1161,37,Female,Divorced,2,Medical
834,1162,27,Male,Married,3,Life Sciences
835,1163,34,Female,Married,1,Life Sciences
836,1164,35,Male,Single,4,Technical Degree
837,1165,29,Female,Married,1,Life Sciences
838,1166,40,Female,Single,4,Medical
839,1167,42,Male,Single,3,Life Sciences
840,1171,42,Male,Single,4,Marketing
841,1172,35,Male,Married,4,Medical
842,1173,24,Male,Single,3,Medical
843,1175,28,Female,Married,1,Life Sciences
844,1177,26,Male,Married,4,Medical
845,1179,30,Male,Married,3,Marketing
846,1180,40,Female,Married,2,Medical
847,1182,35,Male,Divorced,3,Life Sciences
848,1184,34,Male,Single,3,Medical
849,1185,35,Male,Married,4,Other
850,1188,43,Female,Single,3,Marketing
851,1190,32,Female,Divorced,1,Life Sciences
852,1191,56,Female,Divorced,4,Technical Degree
853,1192,29,Female,Married,1,Medical
854,1193,19,Male,Single,2,Life Sciences
855,1195,45,Female,Married,3,Medical
856,1196,37,Female,Married,3,Life Sciences
857,1198,20,Male,Single,3,Life Sciences
858,1200,44,Male,Single,4,Life Sciences
859,1201,53,Female,Divorced,2,Medical
860,1202,29,Female,Married,1,Life Sciences
861,1203,22,Male,Married,4,Life Sciences
862,1204,46,Female,Married,3,Marketing
863,1206,44,Male,Single,3,Life Sciences
864,1207,33,Male,Married,3,Human Resources
865,1210,41,Male,Divorced,2,Life Sciences
866,1211,30,Male,Divorced,4,Life Sciences
867,1212,40,Male,Married,4,Medical
868,1215,50,Female,Married,3,Medical
869,1216,28,Male,Married,4,Medical
870,1217,46,Male,Married,2,Life Sciences
871,1218,35,Male,Married,4,Life Sciences
872,1219,24,Female,Married,2,Life Sciences
873,1220,33,Female,Married,3,Medical
874,1221,36,Male,Divorced,4,Life Sciences
875,1224,30,Male,Divorced,4,Life Sciences
876,1225,44,Male,Single,4,Other
877,1226,20,Male,Single,3,Marketing
878,1228,46,Male,Divorced,4,Technical Degree
879,1231,42,Male,Married,5,Medical
880,1233,60,Male,Divorced,4,Marketing
881,1234,32,Female,Married,3,Other
882,1235,32,Female,Single,2,Life Sciences
883,1237,36,Female,Divorced,3,Technical Degree
884,1238,33,Male,Married,3,Medical
885,1239,40,Female,Divorced,3,Technical Degree
886,1240,25,Male,Single,4,Life Sciences
887,1241,30,Male,Married,3,Medical
888,1242,42,Female,Married,5,Medical
889,1243,35,Female,Married,2,Marketing
890,1244,27,Male,Married,3,Life Sciences
891,1245,54,Female,Divorced,4,Life Sciences
892,1246,44,Female,Married,1,Life Sciences
893,1248,19,Female,Single,3,Medical
894,1249,29,Female,Divorced,3,Life Sciences
895,1250,54,Male,Married,3,Life Sciences
896,1251,31,Male,Married,2,Medical
897,1252,31,Female,Single,3,Medical
898,1254,59,Female,Single,3,Life Sciences
899,1255,43,Male,Married,3,Life Sciences
900,1256,49,Male,Married,2,Medical
901,1257,36,Male,Married,3,Technical Degree
902,1258,48,Male,Single,2,Technical Degree
903,1259,27,Male,Divorced,2,Life Sciences
904,1260,29,Male,Divorced,3,Life Sciences
905,1263,48,Male,Single,3,Life Sciences
906,1264,29,Female,Divorced,3,Life Sciences
907,1265,34,Female,Married,3,Technical Degree
908,1267,44,Male,Married,3,Marketing
909,1268,33,Male,Divorced,5,Marketing
910,1269,19,Female,Single,3,Life Sciences
911,1270,23,Male,Married,2,Life Sciences
912,1273,25,Male,Single,1,Life Sciences
913,1275,26,Male,Single,2,Life Sciences
914,1277,45,Female,Single,3,Marketing
915,1278,55,Male,Divorced,1,Medical
916,1279,21,Female,Single,2,Life Sciences
917,1280,46,Female,Married,2,Marketing
918,1281,34,Female,Single,3,Marketing
919,1282,51,Male,Divorced,3,Life Sciences
920,1283,59,Male,Single,4,Medical
921,1285,34,Female,Divorced,3,Medical
922,1286,28,Male,Single,4,Medical
923,1288,44,Male,Divorced,2,Life Sciences
924,1289,34,Male,Married,3,Life Sciences
925,1291,35,Male,Married,1,Life Sciences
926,1292,42,Female,Married,4,Medical
927,1293,43,Female,Single,4,Marketing
928,1294,36,Female,Single,4,Life Sciences
929,1295,44,Female,Married,3,Medical
930,1296,28,Male,Married,3,Life Sciences
931,1297,51,Female,Single,2,Medical
932,1298,30,Female,Single,2,Medical
933,1299,29,Female,Divorced,3,Technical Degree
934,1301,28,Male,Single,3,Technical Degree
935,1303,25,Female,Single,3,Medical
936,1304,32,Male,Married,3,Medical
937,1306,45,Female,Single,3,Medical
938,1307,39,Female,Divorced,4,Medical
939,1308,58,Male,Divorced,4,Life Sciences
940,1309,32,Male,Married,2,Life Sciences
941,1310,39,Male,Single,3,Medical
942,1311,30,Female,Married,3,Technical Degree
943,1312,36,Female,Married,4,Technical Degree
944,1314,46,Female,Single,2,Life Sciences
945,1315,28,Female,Married,3,Life Sciences
946,1317,50,Female,Married,3,Life Sciences
947,1318,40,Male,Single,4,Marketing
948,1319,52,Male,Single,3,Life Sciences
949,1321,30,Female,Married,4,Medical
950,1322,39,Male,Single,2,Life Sciences
951,1324,31,Female,Divorced,4,Life Sciences
952,1329,41,Male,Single,2,Medical
953,1331,31,Female,Single,3,Life Sciences
954,1333,44,Male,Married,3,Life Sciences
955,1334,42,Male,Married,1,Life Sciences
956,1336,55,Female,Married,2,Medical
957,1338,56,Male,Single,4,Life Sciences
958,1340,40,Male,Divorced,2,Life Sciences
959,1344,34,Male,Divorced,3,Life Sciences
960,1346,40,Male,Single,3,Life Sciences
961,1349,41,Female,Divorced,3,Marketing
962,1350,35,Male,Single,4,Life Sciences
963,1352,51,Male,Divorced,3,Life Sciences
964,1355,38,Female,Divorced,2,Life Sciences
965,1356,34,Female,Single,2,Medical
966,1358,25,Male,Married,1,Medical
967,1360,58,Female,Married,4,Medical
968,1361,40,Male,Married,4,Life Sciences
969,1362,36,Female,Married,3,Marketing
970,1363,48,Male,Single,3,Life Sciences
971,1364,27,Female,Married,3,Medical
972,1367,51,Female,Single,2,Technical Degree
973,1368,18,Female,Single,3,Life Sciences
974,1369,35,Female,Married,3,Medical
975,1371,27,Male,Single,1,Life Sciences
976,1372,55,Male,Single,4,Marketing
977,1373,56,Male,Married,3,Life Sciences
978,1374,34,Female,Divorced,1,Technical Degree
979,1375,40,Female,Divorced,1,Medical
980,1377,34,Male,Married,3,Medical
981,1379,31,Female,Single,3,Life Sciences
982,1380,35,Female,Married,4,Marketing
983,1382,38,Male,Divorced,3,Life Sciences
984,1383,34,Female,Single,4,Technical Degree
985,1387,28,Male,Married,3,Life Sciences
986,1389,31,Male,Married,4,Medical
987,1390,39,Male,Married,4,Life Sciences
988,1391,51,Male,Married,3,Marketing
989,1392,41,Female,Divorced,3,Life Sciences
990,1394,37,Male,Married,1,Life Sciences
991,1395,33,Male,Married,1,Life Sciences
992,1396,32,Male,Married,1,Marketing
993,1397,39,Male,Married,2,Life Sciences
994,1399,25,Male,Married,1,Life Sciences
995,1401,52,Female,Married,2,Medical
996,1402,43,Female,Single,3,Medical
997,1403,27,Female,Married,3,Marketing
998,1405,27,Female,Single,4,Life Sciences
999,1407,26,Male,Single,1,Medical
1000,1408,42,Female,Married,3,Human Resources
1001,1409,52,Female,Married,4,Other
1002,1411,37,Female,Single,3,Medical
1003,1412,35,Male,Single,2,Life Sciences
1004,1415,25,Male,Married,3,Technical Degree
1005,1417,26,Male,Single,3,Other
1006,1419,29,Male,Single,3,Other
1007,1420,49,Male,Single,2,Life Sciences
1008,1421,29,Female,Single,1,Other
1009,1422,54,Female,Single,3,Medical
1010,1423,58,Female,Married,3,Medical
1011,1424,55,Male,Divorced,4,Medical
1012,1425,36,Female,Single,4,Marketing
1013,1427,31,Female,Single,4,Life Sciences
1014,1428,30,Female,Divorced,4,Marketing
1015,1430,31,Female,Single,5,Life Sciences
1016,1431,34,Male,Divorced,4,Other
1017,1433,31,Female,Single,3,Life Sciences
1018,1434,27,Male,Married,1,Life Sciences
1019,1435,36,Male,Single,4,Life Sciences
1020,1436,36,Female,Married,4,Marketing
1021,1438,47,Male,Married,3,Technical Degree
1022,1439,25,Male,Married,2,Life Sciences
1023,1440,37,Male,Single,2,Technical Degree
1024,1441,56,Female,Married,2,Life Sciences
1025,1443,47,Female,Married,4,Medical
1026,1445,24,Female,Married,1,Medical
1027,1446,32,Male,Married,5,Marketing
1028,1447,34,Female,Married,3,Life Sciences
1029,1448,41,Male,Married,5,Medical
1030,1449,40,Male,Divorced,4,Other
1031,1453,31,Male,Divorced,2,Life Sciences
1032,1457,46,Male,Divorced,3,Marketing
1033,1458,39,Female,Single,3,Life Sciences
1034,1459,31,Female,Single,5,Life Sciences
1035,1460,45,Male,Divorced,3,Medical
1036,1461,31,Female,Single,2,Medical
1037,1464,31,Male,Married,3,Life Sciences
1038,1465,45,Male,Married,3,Technical Degree
1039,1466,48,Male,Divorced,3,Marketing
1040,1467,34,Female,Married,4,Technical Degree
1041,1468,40,Male,Divorced,1,Medical
1042,1469,28,Male,Single,3,Medical
1043,1471,44,Male,Single,3,Life Sciences
1044,1472,53,Male,Single,3,Medical
1045,1473,49,Male,Married,4,Technical Degree
1046,1474,40,Male,Divorced,3,Medical
1047,1475,44,Male,Single,3,Life Sciences
1048,1477,33,Male,Married,3,Medical
1049,1478,34,Male,Single,3,Other
1050,1479,30,Male,Married,1,Life Sciences
1051,1480,42,Female,Single,2,Medical
1052,1481,44,Female,Married,5,Marketing
1053,1482,30,Male,Divorced,3,Technical Degree
1054,1483,57,Male,Married,2,Life Sciences
1055,1484,49,Male,Divorced,4,Life Sciences
1056,1485,34,Male,Divorced,3,Medical
1057,1486,28,Male,Married,3,Technical Degree
1058,1487,29,Female,Single,3,Technical Degree
1059,1489,34,Female,Single,4,Medical
1060,1492,35,Male,Married,1,Life Sciences
1061,1494,24,Male,Single,3,Medical
1062,1495,24,Female,Married,2,Life Sciences
1063,1496,44,Male,Single,1,Medical
1064,1497,29,Male,Divorced,3,Life Sciences
1065,1499,30,Male,Divorced,3,Life Sciences
1066,1501,55,Male,Married,4,Life Sciences
1067,1502,33,Female,Married,4,Medical
1068,1503,47,Female,Married,3,Medical
1069,1504,28,Male,Single,2,Medical
1070,1506,28,Male,Divorced,3,Life Sciences
1071,1507,28,Male,Single,3,Life Sciences
1072,1509,49,Female,Married,2,Medical
1073,1513,29,Female,Married,1,Life Sciences
1074,1514,28,Male,Married,1,Life Sciences
1075,1515,33,Male,Single,5,Life Sciences
1076,1516,32,Male,Single,3,Medical
1077,1520,54,Female,Divorced,4,Medical
1078,1522,29,Male,Single,4,Technical Degree
1079,1523,44,Male,Married,3,Life Sciences
1080,1525,39,Female,Single,3,Life Sciences
1081,1527,46,Female,Married,3,Life Sciences
1082,1529,35,Female,Single,3,Life Sciences
1083,1533,23,Male,Single,1,Life Sciences
1084,1534,40,Male,Single,4,Life Sciences
1085,1535,34,Male,Married,3,Technical Degree
1086,1537,31,Female,Single,3,Life Sciences
1087,1539,50,Male,Single,5,Medical
1088,1541,34,Male,Married,2,Technical Degree
1089,1542,42,Male,Married,3,Medical
1090,1543,37,Male,Married,3,Medical
1091,1544,29,Female,Married,1,Other
1092,1545,33,Male,Single,3,Life Sciences
1093,1546,45,Male,Married,3,Technical Degree
1094,1547,42,Male,Married,3,Life Sciences
1095,1548,40,Male,Married,2,Medical
1096,1549,33,Male,Married,4,Life Sciences
1097,1550,40,Male,Single,2,Medical
1098,1551,24,Male,Divorced,2,Technical Degree
1099,1552,40,Male,Divorced,2,Life Sciences
1100,1553,45,Male,Divorced,4,Technical Degree
1101,1554,35,Female,Married,4,Life Sciences
1102,1555,32,Female,Married,2,Life Sciences
1103,1556,36,Male,Single,4,Life Sciences
1104,1557,48,Female,Divorced,4,Life Sciences
1105,1558,29,Male,Married,3,Life Sciences
1106,1560,33,Male,Married,4,Life Sciences
1107,1562,30,Male,Married,3,Life Sciences
1108,1563,38,Male,Married,4,Human Resources
1109,1564,35,Male,Single,3,Medical
1110,1568,30,Male,Married,4,Technical Degree
1111,1569,35,Female,Divorced,3,Life Sciences
1112,1572,53,Female,Married,5,Technical Degree
1113,1573,38,Male,Married,3,Medical
1114,1574,32,Male,Married,4,Technical Degree
1115,1576,48,Female,Married,4,Other
1116,1577,34,Male,Single,4,Medical
1117,1578,55,Male,Married,5,Marketing
1118,1580,34,Male,Married,4,Life Sciences
1119,1581,26,Female,Married,3,Life Sciences
1120,1582,38,Male,Married,3,Life Sciences
1121,1583,38,Female,Single,3,Life Sciences
1122,1585,36,Female,Single,4,Life Sciences
1123,1586,29,Male,Single,1,Medical
1124,1587,35,Female,Single,4,Medical
1125,1588,39,Male,Married,3,Medical
1126,1590,29,Male,Divorced,1,Life Sciences
1127,1591,50,Male,Married,3,Marketing
1128,1592,23,Male,Married,3,Technical Degree
1129,1594,36,Male,Married,4,Life Sciences
1130,1595,42,Male,Single,2,Other
1131,1596,35,Male,Married,3,Life Sciences
1132,1597,34,Male,Married,4,Technical Degree
1133,1598,40,Female,Married,2,Life Sciences
1134,1599,43,Male,Divorced,3,Technical Degree
1135,1601,35,Male,Married,2,Life Sciences
1136,1602,46,Male,Single,4,Life Sciences
1137,1604,28,Male,Married,3,Medical
1138,1605,22,Female,Married,2,Other
1139,1606,50,Male,Married,5,Medical
1140,1607,32,Female,Married,4,Other
1141,1608,44,Female,Divorced,3,Medical
1142,1609,30,Male,Married,3,Medical
1143,1611,45,Female,Single,5,Medical
1144,1612,45,Male,Married,3,Marketing
1145,1613,31,Male,Single,4,Other
1146,1614,36,Female,Married,4,Life Sciences
1147,1615,34,Male,Divorced,4,Life Sciences
1148,1617,49,Female,Married,4,Life Sciences
1149,1618,39,Male,Married,5,Medical
1150,1619,27,Male,Divorced,3,Other
1151,1621,35,Male,Married,5,Life Sciences
1152,1622,28,Female,Divorced,3,Medical
1153,1623,21,Male,Single,1,Medical
1154,1624,18,Female,Single,2,Medical
1155,1625,47,Female,Married,4,Life Sciences
1156,1627,39,Male,Divorced,2,Medical
1157,1628,40,Female,Married,3,Life Sciences
1158,1630,35,Female,Married,4,Life Sciences
1159,1631,37,Male,Married,3,Life Sciences
1160,1633,39,Female,Single,3,Medical
1161,1635,45,Female,Divorced,2,Other
1162,1638,38,Female,Married,2,Medical
1163,1639,35,Male,Married,3,Medical
1164,1640,37,Female,Married,3,Medical
1165,1641,40,Female,Single,3,Life Sciences
1166,1642,44,Male,Married,5,Human Resources
1167,1644,48,Male,Married,5,Medical
1168,1645,35,Male,Divorced,2,Medical
1169,1646,24,Female,Single,1,Technical Degree
1170,1647,27,Female,Married,3,Medical
1171,1648,27,Male,Single,3,Medical
1172,1649,40,Male,Single,3,Life Sciences
1173,1650,29,Male,Single,3,Medical
1174,1651,36,Female,Married,4,Life Sciences
1175,1653,25,Male,Divorced,1,Life Sciences
1176,1654,39,Male,Married,3,Medical
1177,1655,49,Female,Married,4,Other
1178,1656,50,Female,Divorced,5,Life Sciences
1179,1657,20,Female,Single,3,Medical
1180,1658,34,Female,Divorced,3,Life Sciences
1181,1659,36,Male,Single,3,Life Sciences
1182,1661,49,Female,Married,1,Life Sciences
1183,1662,36,Female,Married,4,Medical
1184,1664,36,Male,Divorced,2,Life Sciences
1185,1665,54,Female,Married,5,Medical
1186,1666,43,Male,Married,2,Life Sciences
1187,1667,35,Male,Single,4,Other
1188,1668,38,Male,Married,3,Life Sciences
1189,1669,29,Male,Divorced,3,Medical
1190,1670,33,Male,Divorced,4,Medical
1191,1671,32,Male,Divorced,3,Medical
1192,1673,31,Female,Married,4,Life Sciences
1193,1674,49,Female,Divorced,3,Medical
1194,1675,38,Female,Single,3,Medical
1195,1676,47,Female,Divorced,4,Life Sciences
1196,1677,49,Male,Single,3,Life Sciences
1197,1678,41,Male,Single,2,Life Sciences
1198,1680,20,Male,Single,1,Life Sciences
1199,1681,33,Female,Divorced,3,Life Sciences
1200,1682,36,Male,Married,4,Life Sciences
1201,1683,44,Female,Divorced,3,Life Sciences
1202,1684,23,Male,Single,1,Medical
1203,1687,38,Female,Married,2,Medical
1204,1689,53,Male,Married,4,Medical
1205,1691,48,Female,Married,2,Medical
1206,1692,32,Male,Single,4,Life Sciences
1207,1693,26,Male,Single,3,Medical
1208,1694,55,Male,Divorced,3,Technical Degree
1209,1696,34,Male,Married,2,Medical
1210,1697,60,Male,Divorced,4,Medical
1211,1698,33,Male,Married,3,Medical
1212,1700,37,Male,Divorced,4,Medical
1213,1701,34,Female,Married,3,Life Sciences
1214,1702,23,Male,Divorced,3,Life Sciences
1215,1703,44,Female,Married,3,Life Sciences
1216,1704,35,Male,Single,4,Medical
1217,1706,43,Male,Married,3,Medical
1218,1707,24,Male,Married,3,Medical
1219,1708,41,Male,Single,3,Marketing
1220,1709,29,Female,Married,4,Medical
1221,1710,36,Female,Single,4,Life Sciences
1222,1712,45,Male,Married,1,Life Sciences
1223,1714,24,Male,Married,1,Human Resources
1224,1716,47,Male,Married,3,Life Sciences
1225,1718,26,Male,Married,4,Medical
1226,1719,45,Female,Single,2,Technical Degree
1227,1720,32,Male,Married,3,Life Sciences
1228,1721,31,Male,Married,4,Life Sciences
1229,1722,41,Male,Married,3,Human Resources
1230,1724,40,Female,Married,2,Life Sciences
1231,1725,24,Male,Divorced,1,Medical
1232,1727,46,Male,Single,4,Life Sciences
1233,1728,35,Male,Married,4,Life Sciences
1234,1729,30,Male,Married,1,Life Sciences
1235,1731,47,Male,Married,4,Marketing
1236,1732,46,Male,Divorced,3,Life Sciences
1237,1733,36,Male,Divorced,5,Marketing
1238,1734,32,Male,Single,2,Life Sciences
1239,1735,23,Female,Single,1,Medical
1240,1736,31,Female,Single,1,Technical Degree
1241,1737,39,Male,Married,3,Life Sciences
1242,1739,32,Male,Married,3,Life Sciences
1243,1740,40,Male,Single,4,Medical
1244,1744,45,Female,Married,3,Life Sciences
1245,1745,30,Female,Single,4,Technical Degree
1246,1746,24,Male,Married,3,Medical
1247,1747,30,Female,Divorced,3,Human Resources
1248,1749,31,Male,Married,3,Technical Degree
1249,1751,27,Female,Single,3,Medical
1250,1752,29,Female,Single,3,Marketing
1251,1753,29,Male,Single,3,Life Sciences
1252,1754,30,Male,Divorced,2,Marketing
1253,1755,34,Male,Married,4,Medical
1254,1756,33,Female,Single,3,Marketing
1255,1757,49,Female,Single,4,Marketing
1256,1758,33,Female,Single,3,Life Sciences
1257,1760,38,Female,Married,2,Medical
1258,1761,31,Male,Married,4,Marketing
1259,1762,29,Female,Divorced,3,Technical Degree
1260,1763,30,Male,Married,3,Life Sciences
1261,1764,32,Male,Single,4,Technical Degree
1262,1766,38,Male,Married,3,Medical
1263,1767,43,Male,Married,3,Technical Degree
1264,1768,42,Male,Divorced,3,Medical
1265,1770,55,Male,Married,3,Medical
1266,1771,33,Male,Divorced,3,Technical Degree
1267,1772,41,Male,Divorced,4,Life Sciences
1268,1774,34,Male,Divorced,3,Life Sciences
1269,1775,53,Female,Married,4,Medical
1270,1778,43,Male,Single,3,Life Sciences
1271,1779,34,Female,Single,2,Life Sciences
1272,1780,21,Male,Single,1,Marketing
1273,1782,38,Female,Married,2,Other
1274,1783,22,Female,Married,1,Medical
1275,1784,31,Female,Married,4,Marketing
1276,1786,51,Female,Married,3,Technical Degree
1277,1787,37,Male,Married,2,Marketing
1278,1789,46,Male,Divorced,4,Medical
1279,1790,36,Male,Married,3,Life Sciences
1280,1792,44,Male,Divorced,2,Medical
1281,1794,37,Male,Divorced,2,Other
1282,1797,35,Male,Single,3,Life Sciences
1283,1798,33,Male,Married,4,Life Sciences
1284,1799,28,Male,Married,3,Life Sciences
1285,1800,39,Male,Single,1,Medical
1286,1801,46,Male,Single,2,Life Sciences
1287,1802,40,Female,Married,2,Life Sciences
1288,1803,42,Male,Married,3,Medical
1289,1804,35,Male,Divorced,2,Medical
1290,1805,38,Male,Divorced,3,Human Resources
1291,1807,34,Male,Married,4,Life Sciences
1292,1809,37,Male,Single,4,Medical
1293,1812,39,Male,Divorced,3,Life Sciences
1294,1813,43,Male,Single,3,Life Sciences
1295,1814,41,Male,Single,3,Life Sciences
1296,1815,41,Female,Divorced,1,Marketing
1297,1816,30,Female,Single,3,Medical
1298,1818,26,Female,Married,2,Medical
1299,1821,46,Female,Married,2,Medical
1300,1822,40,Female,Divorced,3,Life Sciences
1301,1823,34,Male,Married,2,Technical Degree
1302,1824,58,Male,Divorced,3,Medical
1303,1826,35,Male,Married,4,Medical
1304,1827,47,Female,Divorced,3,Life Sciences
1305,1829,40,Female,Divorced,3,Life Sciences
1306,1830,54,Female,Married,4,Medical
1307,1833,31,Female,Married,4,Marketing
1308,1834,28,Female,Married,3,Medical
1309,1835,38,Female,Married,4,Marketing
1310,1836,26,Male,Single,3,Medical
1311,1837,58,Male,Married,4,Life Sciences
1312,1839,18,Female,Single,3,Medical
1313,1842,31,Male,Married,5,Human Resources
1314,1844,29,Male,Divorced,3,Human Resources
1315,1845,45,Female,Married,4,Life Sciences
1316,1847,36,Female,Married,4,Other
1317,1849,43,Male,Married,4,Life Sciences
1318,1850,27,Female,Single,2,Life Sciences
1319,1852,29,Male,Married,1,Medical
1320,1853,32,Male,Single,4,Marketing
1321,1854,42,Male,Married,4,Technical Degree
1322,1856,47,Female,Single,4,Life Sciences
1323,1857,46,Male,Divorced,2,Life Sciences
1324,1858,28,Male,Divorced,2,Life Sciences
1325,1859,29,Male,Divorced,1,Life Sciences
1326,1860,42,Male,Single,3,Life Sciences
1327,1862,32,Male,Single,4,Marketing
1328,1863,46,Female,Divorced,3,Technical Degree
1329,1864,27,Female,Married,1,Medical
1330,1865,29,Male,Married,1,Medical
1331,1866,43,Female,Married,3,Medical
1332,1867,48,Male,Married,3,Life Sciences
1333,1868,29,Male,Single,2,Life Sciences
1334,1869,46,Female,Married,3,Life Sciences
1335,1870,27,Female,Married,3,Life Sciences
1336,1871,39,Male,Divorced,4,Other
1337,1873,55,Male,Married,4,Technical Degree
1338,1875,28,Female,Married,3,Medical
1339,1876,30,Male,Single,3,Medical
1340,1878,22,Male,Single,1,Life Sciences
1341,1880,36,Female,Married,4,Technical Degree
1342,1881,31,Male,Divorced,3,Life Sciences
1343,1882,34,Male,Married,3,Life Sciences
1344,1883,29,Male,Single,3,Life Sciences
1345,1885,37,Male,Married,4,Medical
1346,1886,35,Female,Married,2,Other
1347,1888,45,Female,Married,2,Life Sciences
1348,1890,36,Male,Single,1,Human Resources
1349,1892,40,Male,Divorced,4,Life Sciences
1350,1893,26,Female,Married,2,Life Sciences
1351,1898,27,Female,Single,2,Medical
1352,1900,48,Female,Divorced,3,Medical
1353,1903,44,Male,Married,4,Life Sciences
1354,1905,34,Male,Married,4,Technical Degree
1355,1907,56,Male,Single,2,Life Sciences
1356,1908,36,Male,Married,2,Marketing
1357,1909,41,Female,Married,3,Marketing
1358,1911,42,Male,Married,3,Medical
1359,1912,31,Female,Divorced,2,Medical
1360,1915,34,Female,Married,1,Medical
1361,1916,31,Female,Divorced,3,Medical
1362,1918,26,Male,Married,3,Other
1363,1922,45,Male,Single,4,Medical
1364,1924,33,Male,Single,4,Marketing
1365,1927,28,Male,Married,2,Life Sciences
1366,1928,29,Male,Single,3,Technical Degree
1367,1929,39,Female,Married,4,Life Sciences
1368,1931,27,Male,Married,4,Technical Degree
1369,1932,34,Male,Married,4,Other
1370,1933,28,Female,Single,2,Marketing
1371,1934,47,Male,Married,4,Technical Degree
1372,1935,56,Female,Married,5,Marketing
1373,1936,39,Male,Married,2,Medical
1374,1937,38,Female,Divorced,3,Medical
1375,1938,58,Female,Married,3,Life Sciences
1376,1939,32,Female,Single,2,Life Sciences
1377,1940,38,Male,Divorced,2,Life Sciences
1378,1941,49,Male,Married,1,Life Sciences
1379,1943,42,Male,Divorced,4,Marketing
1380,1944,27,Female,Married,3,Human Resources
1381,1945,35,Male,Married,4,Medical
1382,1947,28,Male,Single,3,Medical
1383,1948,31,Male,Divorced,2,Medical
1384,1949,36,Male,Married,4,Life Sciences
1385,1950,34,Male,Single,3,Marketing
1386,1951,34,Male,Divorced,4,Medical
1387,1952,26,Male,Single,3,Medical
1388,1954,29,Male,Married,3,Life Sciences
1389,1955,32,Female,Divorced,4,Medical
1390,1956,31,Male,Married,3,Life Sciences
1391,1960,28,Male,Divorced,3,Technical Degree
1392,1961,38,Male,Single,3,Life Sciences
1393,1962,35,Female,Married,4,Life Sciences
1394,1965,27,Male,Single,3,Marketing
1395,1966,32,Male,Single,4,Life Sciences
1396,1967,31,Male,Married,4,Marketing
1397,1968,53,Male,Single,4,Life Sciences
1398,1969,54,Female,Married,2,Life Sciences
1399,1970,33,Male,Divorced,2,Life Sciences
1400,1971,43,Male,Married,3,Life Sciences
1401,1972,38,Male,Married,4,Other
1402,1973,55,Male,Married,4,Human Resources
1403,1974,31,Female,Divorced,1,Medical
1404,1975,39,Male,Single,4,Marketing
1405,1976,42,Male,Single,2,Life Sciences
1406,1979,31,Female,Married,3,Medical
1407,1980,54,Female,Single,3,Medical
1408,1981,24,Male,Single,2,Life Sciences
1409,1982,23,Male,Single,2,Other
1410,1985,40,Female,Married,3,Technical Degree
1411,1986,40,Female,Married,2,Marketing
1412,1987,25,Female,Married,3,Human Resources
1413,1989,30,Male,Married,2,Medical
1414,1992,25,Male,Divorced,1,Other
1415,1993,47,Male,Single,3,Medical
1416,1994,33,Male,Divorced,2,Medical
1417,1995,38,Male,Married,4,Life Sciences
1418,1996,31,Male,Married,2,Life Sciences
1419,1997,38,Male,Married,4,Life Sciences
1420,1998,42,Male,Divorced,4,Life Sciences
1421,1999,41,Male,Married,3,Life Sciences
1422,2000,47,Female,Married,1,Medical
1423,2003,35,Male,Married,4,Medical
1424,2007,22,Male,Single,2,Life Sciences
1425,2008,35,Male,Single,4,Medical
1426,2009,33,Female,Married,2,Medical
1427,2010,32,Female,Single,4,Life Sciences
1428,2012,40,Male,Married,4,Life Sciences
1429,2013,32,Male,Married,4,Medical
1430,2014,39,Male,Single,1,Life Sciences
1431,2015,38,Female,Married,3,Medical
1432,2016,32,Female,Married,4,Marketing
1433,2017,37,Female,Married,3,Life Sciences
1434,2018,25,Female,Divorced,2,Other
1435,2019,52,Male,Divorced,4,Life Sciences
1436,2020,44,Male,Single,3,Medical
1437,2021,21,Male,Single,1,Medical
1438,2022,39,Male,Single,3,Life Sciences
1439,2023,23,Male,Married,3,Marketing
1440,2024,36,Female,Married,3,Medical
1441,2025,36,Female,Divorced,2,Life Sciences
1442,2026,56,Male,Divorced,4,Life Sciences
1443,2027,29,Male,Married,4,Medical
1444,2031,42,Male,Married,3,Life Sciences
1445,2032,56,Male,Married,2,Technical Degree
1446,2034,41,Female,Married,4,Life Sciences
1447,2035,34,Female,Married,3,Marketing
1448,2036,36,Male,Divorced,4,Marketing
1449,2037,41,Male,Divorced,3,Life Sciences
1450,2038,32,Male,Single,3,Technical Degree
1451,2040,35,Female,Single,4,Life Sciences
1452,2041,38,Female,Married,2,Life Sciences
1453,2044,50,Male,Divorced,4,Life Sciences
1454,2045,36,Female,Married,4,Marketing
1455,2046,45,Female,Single,3,Life Sciences
1456,2048,40,Male,Single,4,Life Sciences
1457,2049,35,Male,Married,4,Life Sciences
1458,2051,40,Female,Married,4,Medical
1459,2052,35,Female,Married,4,Life Sciences
1460,2053,29,Male,Married,2,Other
1461,2054,29,Female,Single,4,Medical
1462,2055,50,Male,Divorced,3,Marketing
1463,2056,39,Female,Married,1,Marketing
1464,2057,31,Male,Single,3,Medical
1465,2060,26,Female,Single,3,Other
1466,2061,36,Male,Married,2,Medical
1467,2062,39,Male,Married,1,Medical
1468,2064,27,Male,Married,3,Life Sciences
1469,2065,49,Male,Married,3,Medical
1470,2068,34,Male,Married,3,Medical
