SatisfactionKey,EnvironmentSatisfaction,JobSatisfaction,JobInvolvement,RelationshipSatisfaction
1,2,4,3,1
2,3,2,2,4
3,4,3,2,2
4,4,3,3,3
5,1,2,3,4
6,4,4,3,3
7,3,1,4,1
8,4,3,3,2
9,3,3,3,2
10,1,2,4,3
11,4,3,2,4
12,1,3,3,4
13,2,4,3,3
14,3,3,2,2
15,2,1,4,3
16,1,2,4,4
17,4,4,4,2
18,1,4,2,3
19,1,3,4,4
20,3,1,2,2
21,1,2,3,3
22,3,4,3,4
23,2,1,3,3
24,3,3,3,4
25,2,1,1,2
26,3,2,3,4
27,1,4,2,4
28,2,1,3,4
29,4,4,3,4
30,4,3,2,1
31,4,3,4,4
32,1,3,2,3
33,4,4,3,1
34,2,1,2,4
35,3,4,3,3
36,4,1,3,4
37,1,3,1,3
38,4,3,3,4
39,2,3,3,4
40,2,3,3,3
41,2,2,3,1
42,1,4,3,3
43,4,4,4,4
44,1,3,2,4
45,3,3,3,3
46,3,1,2,3
47,3,4,2,3
48,3,1,3,3
49,1,4,3,2
50,2,3,2,4
51,1,1,3,4
52,2,2,2,3
53,3,2,3,2
54,2,2,3,2
55,2,4,4,2
56,4,1,3,2
57,1,3,3,1
58,2,2,3,4
59,4,4,2,3
60,2,3,2,1
61,1,4,3,4
62,2,4,1,4
63,4,4,1,1
64,4,4,3,2
65,3,4,2,1
66,3,4,2,4
67,3,2,2,2
68,2,3,3,1
69,2,3,3,2
70,2,2,3,3
71,3,1,3,4
72,4,4,2,2
73,1,3,3,3
74,1,2,3,1
75,3,3,2,4
76,1,1,2,3
77,1,3,1,4
78,4,4,4,3
79,3,2,2,3
80,3,4,3,1
81,3,1,2,4
82,1,4,3,1
83,3,2,3,1
84,2,3,1,2
85,2,3,4,4
86,2,3,1,3
87,1,4,1,4
88,4,3,2,3
89,1,1,3,1
90,3,4,3,2
91,4,4,1,4
92,2,4,2,4
93,4,1,2,2
94,2,4,3,4
95,4,3,3,1
96,2,3,2,3
97,2,2,2,2
98,4,2,3,4
99,3,4,4,2
100,3,3,3,1
101,3,1,1,1
102,4,2,3,3
103,3,1,3,1
104,2,4,2,3
105,4,1,4,3
106,3,2,4,4
107,3,3,2,1
108,2,1,4,1
109,2,1,3,2
110,4,2,4,1
111,4,4,2,4
112,4,1,3,3
113,4,4,1,3
114,3,3,2,3
115,2,2,2,4
116,3,3,1,4
117,3,4,2,2
118,3,4,4,3
119,3,1,2,1
120,1,3,3,2
121,4,1,2,3
122,2,2,4,3
123,4,1,2,4
124,3,2,1,2
125,1,2,2,2
126,2,4,2,2
127,2,1,4,4
128,2,2,4,2
129,1,1,4,3
130,1,1,3,3
131,3,2,3,3
132,3,4,4,4
133,4,2,1,4
134,4,2,3,2
135,3,4,4,1
136,1,2,2,3
137,4,3,1,4
138,1,1,2,4
139,3,2,2,1
140,1,4,4,3
141,2,4,1,3
142,2,1,1,4
143,4,2,2,1
144,4,2,2,4
145,1,4,2,2
146,1,4,2,1
147,4,3,4,3
148,3,1,3,2
149,1,4,4,2
150,2,3,2,2
151,3,1,4,4
152,3,4,1,3
153,1,2,3,2
154,4,3,1,3
155,1,4,1,1
156,4,2,3,1
157,1,3,4,3
158,3,1,1,3
159,1,3,2,1
160,3,4,1,2
161,2,1,2,3
162,1,4,4,4
163,4,1,2,1
164,1,3,2,2
165,2,4,1,2
166,1,1,4,1
167,4,2,4,3
168,4,4,2,1
169,2,2,4,4
170,4,4,4,1
171,4,2,2,2
172,2,4,4,3
173,3,3,4,3
174,1,2,1,4
175,3,3,4,4
176,3,2,4,3
177,4,1,3,1
178,2,3,1,1
179,1,1,2,2
180,1,1,4,4
181,2,4,3,2
182,3,1,4,3
183,1,1,3,2
184,2,4,2,1
185,3,2,4,1
186,2,1,1,1
187,1,2,1,1
188,2,4,4,4
189,2,1,2,1
190,1,1,2,1
191,2,3,4,3
192,1,2,2,1
193,4,2,2,3
194,2,4,1,1
195,1,3,1,2
196,3,3,1,3
197,4,1,4,1
198,3,4,1,4
199,3,4,1,1
200,3,2,1,1
201,4,4,1,2
202,2,3,4,2
203,1,3,4,2
204,4,3,4,2
205,3,3,4,1
206,2,3,4,1
207,4,2,4,4
208,4,2,4,2
209,4,1,1,4
210,1,2,2,4
211,4,3,4,1
212,4,1,4,2
213,2,1,2,2
214,1,2,1,2
215,2,2,1,3
216,2,2,2,1
217,2,2,4,1
218,4,1,1,2
219,1,3,4,1
220,1,2,4,2
221,2,1,3,1
