WorkLifeKey,WorkLifeBalance,TrainingTimesLastYear,StockOptionLevel
1,1,0,0
2,3,3,1
3,3,3,0
4,2,2,0
5,2,3,3
6,3,2,1
7,3,2,0
8,2,3,2
9,3,5,1
10,2,1,1
11,3,4,0
12,3,1,1
13,2,5,2
14,2,2,2
15,2,5,1
16,3,6,0
17,2,3,1
18,3,5,0
19,3,4,1
20,4,5,0
21,4,6,1
22,2,2,1
23,4,3,1
24,3,3,2
25,3,6,1
26,3,0,0
27,3,1,0
28,2,3,0
29,4,2,1
30,3,2,3
31,2,0,1
32,4,3,0
33,2,1,2
34,3,3,3
35,3,4,2
36,1,2,0
37,2,4,3
38,1,5,1
39,2,1,0
40,3,2,2
41,4,3,2
42,2,2,3
43,3,0,2
44,4,1,1
45,4,2,0
46,2,4,0
47,4,2,3
48,1,3,1
49,1,2,1
50,3,6,2
51,1,1,1
52,3,0,1
53,2,5,0
54,4,3,3
55,4,4,1
56,1,5,2
57,3,1,3
58,2,6,2
59,3,5,2
60,2,0,0
61,1,3,0
62,1,5,0
63,4,5,1
64,4,4,0
65,2,6,1
66,1,6,1
67,2,4,2
68,2,5,3
69,1,0,1
70,2,6,0
71,2,4,1
72,2,0,3
73,4,4,3
74,1,3,2
75,4,2,2
76,4,5,2
77,4,4,2
78,4,0,0
79,4,1,0
80,3,4,3
81,2,6,3
82,1,2,2
83,3,5,3
84,4,6,0
85,3,6,3
86,3,0,3
87,3,1,2
88,1,4,0
89,4,0,1
90,1,1,2
91,4,0,2
92,1,4,1
