AttritionFactKey,EmployeeKey,JobKey,DepartmentKey,SatisfactionKey,WorkLifeKey,AttritionFlag,DailyRate,HourlyRate,MonthlyIncome,MonthlyRate,PercentSalaryHike,DistanceFromHome,NumCompaniesWorked,TotalWorkingYears,YearsAtCompany,YearsInCurrentRole,YearsSinceLastPromotion,YearsWithCurrManager
1,1,1,1,1,1,1,1102,94,5993,19479,11,1,8,8,6,4,0,5
2,2,2,2,2,2,0,279,61,5130,24907,23,8,1,10,10,7,1,7
3,3,3,2,3,3,1,1373,92,2090,2396,15,2,6,7,0,0,0,0
4,4,4,2,4,3,0,1392,56,2909,23159,11,3,1,8,8,7,3,0
5,5,5,2,5,2,0,591,40,3468,16632,12,2,9,6,2,2,2,2
6,6,6,2,6,4,0,1005,79,3068,11864,13,2,0,8,7,7,3,6
7,7,3,2,7,5,0,1324,81,2670,9964,20,3,4,12,1,0,0,0
8,8,5,2,8,6,0,1358,67,2693,13335,22,24,1,1,1,0,0,0
9,9,7,2,3,7,0,216,44,9526,8787,21,23,0,10,9,7,1,8
10,10,8,2,9,8,0,1299,94,5237,16577,13,27,6,17,7,7,7,7
11,11,5,2,10,9,0,809,84,2426,16479,13,16,0,6,5,4,0,3
12,12,9,2,11,3,0,153,49,4193,12682,12,15,0,10,9,5,0,8
13,13,10,2,12,10,0,670,31,2911,15170,17,26,1,5,5,2,4,3
14,14,5,2,13,6,0,1346,93,2661,8758,11,19,0,3,2,2,1,2
15,15,3,2,14,11,1,103,50,2028,12947,14,24,5,6,4,2,0,3
16,16,11,2,15,12,0,1389,51,9980,10195,11,21,1,10,10,9,8,8
17,17,12,2,16,13,0,334,80,3298,15053,12,5,0,7,6,2,0,5
18,18,13,2,17,14,0,1123,96,2935,7324,13,16,1,1,1,0,0,0
19,19,14,1,18,3,0,1219,78,15427,22021,16,2,2,31,25,8,3,7
20,20,12,2,6,3,0,371,45,3944,4306,11,2,5,6,3,2,1,2
21,21,15,2,19,15,0,673,96,4011,8232,18,11,0,5,4,2,1,3
22,22,16,1,20,11,1,1218,82,3407,6986,23,9,7,10,5,3,0,3
23,23,17,2,21,11,0,419,53,11994,21293,11,7,0,13,12,6,2,11
24,24,10,2,22,16,0,391,96,1232,19281,14,15,1,0,0,0,0,0
25,25,10,2,23,7,1,699,83,2960,17102,11,6,2,8,4,2,1,3
26,26,18,2,24,17,0,1282,58,19094,10735,11,5,4,26,14,13,4,8
27,27,4,2,25,18,1,1125,72,3919,4681,22,16,1,10,10,2,6,7
28,28,19,1,26,6,0,691,48,6825,21173,11,8,0,10,9,7,4,2
29,29,20,2,27,19,0,477,42,10248,2094,14,7,3,24,22,6,5,17
30,30,18,1,28,4,0,705,83,18947,22822,12,2,3,22,2,2,2,1
31,31,5,2,22,3,0,924,78,2496,6670,11,2,4,7,1,1,0,0
32,32,21,2,29,20,0,1459,41,6465,19121,13,10,2,9,4,2,1,3
33,33,5,2,30,18,0,125,83,2206,16117,13,9,1,10,10,0,1,8
34,34,22,1,6,21,1,895,56,2086,3335,14,5,3,19,1,0,0,0
35,35,12,2,1,22,1,813,61,2293,3020,16,1,2,6,2,0,2,0
36,36,10,2,31,8,0,1273,72,2645,21923,12,2,1,6,5,3,1,4
37,37,23,1,32,7,1,869,86,2683,3810,14,3,1,3,3,2,0,2
38,38,16,1,33,3,0,890,97,2014,9687,13,2,1,2,2,2,2,2
39,39,12,2,34,23,0,852,82,3419,13072,14,5,9,6,1,1,0,0
40,40,24,1,7,24,0,1141,42,5376,3193,19,1,2,10,5,3,1,3
41,41,5,2,35,2,0,464,75,1951,10910,12,4,1,1,1,0,0,0
42,42,5,2,36,25,0,1240,33,2341,19715,13,2,1,1,1,0,0,0
43,43,5,2,37,4,1,1357,48,2293,10558,12,25,1,1,1,0,0,1
44,44,25,1,38,26,0,994,37,8726,2975,15,8,1,9,9,8,1,7
45,45,26,2,22,7,0,721,58,4011,10781,23,1,1,12,12,8,3,7
46,46,27,2,39,26,1,1360,49,19545,16280,12,12,1,23,22,15,15,8
47,47,28,1,40,7,0,1065,72,4568,10034,20,23,0,10,9,5,8,7
48,48,10,2,41,27,0,408,73,3022,10227,21,19,4,8,1,0,0,0
49,49,29,1,42,11,0,1211,98,5772,20445,21,5,4,14,9,6,0,8
50,50,5,2,43,7,0,1229,36,2269,4892,19,8,1,1,1,0,0,1
51,51,30,2,44,7,1,626,98,5381,19294,13,1,9,23,1,0,0,0
52,52,3,2,45,28,1,1434,50,3441,11179,13,5,1,2,2,2,2,2
53,53,1,1,23,22,0,1488,75,5454,4009,21,1,5,9,4,3,1,3
54,54,31,2,46,2,0,1097,79,9884,8302,13,11,2,10,4,0,2,3
55,55,1,1,47,22,0,1443,47,4157,21436,19,23,7,5,2,2,0,0
56,56,32,2,42,27,0,515,98,13458,15146,12,1,1,15,15,14,8,12
57,57,25,1,28,17,0,853,71,9069,11031,22,18,1,9,9,8,1,8
58,58,3,2,48,2,0,1142,30,4014,16002,15,23,3,4,2,2,2,2
59,59,33,2,29,17,0,655,48,5915,9528,22,7,3,10,7,7,1,7
60,60,34,2,32,29,0,1115,51,5993,2689,18,1,1,7,7,5,0,7
61,61,35,2,49,2,0,427,33,6162,10877,22,1,1,9,9,8,7,8
62,62,26,2,29,7,0,653,50,2406,5456,11,29,1,10,10,3,9,9
63,63,36,2,50,22,0,989,43,18740,16701,12,7,5,29,27,3,13,8
64,64,37,1,51,28,0,1435,99,7637,2354,11,25,7,28,21,16,7,9
65,65,20,2,9,30,0,1223,59,10096,8202,13,8,1,17,17,14,12,8
66,66,38,2,4,30,0,836,33,14756,19730,14,8,2,21,5,0,0,2
67,67,39,2,52,3,0,1195,95,6499,22656,13,11,1,6,6,5,0,3
68,68,40,2,23,6,0,1339,59,9724,18787,17,7,2,25,1,0,0,0
69,69,41,2,28,22,0,664,79,2194,5868,13,1,4,5,3,2,1,2
70,70,12,2,30,31,1,318,79,3388,21777,17,9,0,2,1,0,0,0
71,71,24,1,44,4,0,1225,57,5473,24668,11,1,7,20,4,3,1,3
72,72,10,2,26,2,0,1328,76,2703,4956,23,2,0,6,5,4,0,4
73,73,10,2,53,11,0,1082,87,2501,18775,17,1,1,1,1,1,1,0
74,74,42,2,54,24,0,548,66,6220,7346,17,1,1,10,10,4,0,9
75,75,5,2,55,3,0,132,55,3038,22002,12,6,3,5,1,0,0,0
76,76,34,2,22,7,0,746,61,4424,20682,23,8,1,11,11,7,1,8
77,77,19,1,20,7,0,776,32,4312,23016,14,1,0,16,15,13,2,8
78,78,43,2,56,32,0,193,52,13245,15067,14,6,4,17,0,0,0,0
79,79,17,2,57,32,0,397,30,13664,25258,13,7,4,16,5,2,0,2
80,80,44,3,58,6,0,945,80,5021,10425,22,5,8,16,4,2,0,2
81,81,9,2,59,33,0,852,55,5126,15998,12,1,1,10,10,8,3,0
82,82,10,2,60,3,0,1214,30,2859,26278,18,1,1,6,6,4,0,4
83,83,37,1,61,19,0,111,70,10239,18092,14,1,3,24,1,0,1,0
84,84,45,2,62,34,0,573,79,5329,15717,12,6,7,17,13,11,1,9
85,85,34,2,21,7,0,1153,94,4325,17736,15,1,1,5,5,2,1,3
86,86,11,2,63,28,0,1400,49,7260,21698,11,7,4,37,6,4,0,2
87,87,16,1,48,2,0,541,62,2322,9518,13,2,3,3,0,0,0,0
88,88,5,2,64,35,0,432,96,2075,18725,23,9,3,10,4,2,0,3
89,89,8,2,65,34,0,288,99,4152,15830,19,2,1,11,11,10,10,8
90,90,37,1,66,3,1,669,64,9619,13596,16,9,1,9,9,8,4,7
91,91,46,2,2,17,0,530,78,13503,14115,22,1,1,22,22,3,11,11
92,92,1,1,22,36,0,632,71,5441,8423,22,21,0,11,10,7,1,0
93,93,1,1,67,37,0,1334,63,5209,19760,12,4,1,11,11,8,2,7
94,94,47,2,46,15,0,638,40,10673,3142,13,1,2,21,10,9,9,5
95,95,19,1,68,26,0,1093,87,5010,24301,16,6,1,12,11,8,5,7
96,96,17,2,57,38,0,1217,60,13549,24001,12,2,9,16,4,3,0,3
97,97,19,1,57,22,0,1353,33,4999,17519,21,3,0,4,3,2,0,2
98,98,28,1,69,32,0,120,43,4221,8863,15,4,1,5,5,4,0,4
99,99,48,1,4,39,0,682,37,13872,24409,13,10,0,38,37,10,1,8
100,100,49,2,70,23,0,489,67,2042,25043,12,23,4,17,3,2,1,2
101,101,50,3,71,3,1,807,63,2073,23648,22,6,4,7,3,2,0,2
102,102,10,2,36,7,0,827,71,2956,15178,13,1,1,1,1,0,0,0
103,103,51,2,72,18,1,871,66,2926,19783,18,6,1,1,1,0,1,0
104,104,42,2,73,3,0,665,41,4809,12482,14,6,1,16,16,13,2,10
105,105,52,2,66,29,0,1040,100,5163,15850,14,2,5,17,1,0,0,0
106,106,53,3,66,2,0,1420,32,18844,21922,21,2,9,30,3,2,2,2
107,107,54,2,74,39,0,1115,73,18172,9755,19,1,3,28,8,3,0,7
108,108,1,1,75,27,1,240,46,5744,26959,11,5,1,6,6,4,0,3
109,109,10,2,59,40,0,1280,64,2889,26897,11,7,1,2,2,2,2,1
110,110,5,2,13,18,0,534,59,2871,23785,15,15,1,1,0,0,0,0
111,111,55,2,76,39,0,1456,30,7484,25796,20,1,3,23,13,12,12,8
112,112,56,2,77,3,1,658,66,6074,22887,24,7,1,9,9,7,0,6
113,113,57,3,78,3,0,142,30,17328,13871,12,26,2,23,5,3,4,4
114,114,5,2,40,6,0,1127,52,2774,13257,12,18,0,6,5,3,1,2
115,115,42,2,79,2,0,1031,45,4505,15000,15,6,6,12,1,0,0,0
116,116,37,1,80,3,0,1189,87,7428,14506,12,3,2,12,5,3,1,3
117,117,58,2,81,16,0,1354,45,11631,5615,12,5,2,14,11,10,5,8
118,118,25,1,13,25,0,1467,92,9738,22952,14,11,0,10,9,7,2,8
119,119,5,2,82,6,0,922,39,2835,2561,22,3,5,7,1,0,0,0
120,120,59,1,22,41,0,394,92,16959,19494,12,26,1,25,25,12,4,12
121,121,41,2,37,42,0,1312,96,2613,22310,25,23,1,10,10,7,0,9
122,122,28,1,83,29,0,750,95,6146,15480,13,22,0,8,7,7,0,7
123,123,12,2,41,30,1,441,72,4963,4510,18,14,9,7,5,4,4,3
124,124,27,2,73,18,0,684,51,19537,6462,13,6,7,23,20,18,15,15
125,125,1,1,84,28,1,249,76,6172,20739,18,6,4,12,7,7,7,7
126,126,10,2,79,28,0,841,46,2368,23300,19,6,1,5,5,4,4,3
127,127,20,2,29,17,1,147,94,10312,3465,12,23,1,40,40,10,15,6
128,128,23,1,38,4,1,528,50,1675,26820,19,22,1,0,0,0,0,0
129,129,5,2,35,6,0,594,100,2523,19299,14,2,0,3,2,1,2,1
130,130,34,2,48,4,0,470,96,6567,5549,14,20,1,16,15,11,5,11
131,131,41,2,85,7,0,957,72,4739,16090,12,28,4,18,3,2,1,2
132,132,25,1,22,3,0,809,77,9208,6645,11,12,4,16,2,2,2,1
133,133,1,1,86,6,1,542,71,4559,24788,11,20,3,4,2,2,2,2
134,134,60,1,45,6,0,802,96,8189,21196,13,9,3,12,9,7,0,7
135,135,61,3,24,2,0,1355,61,2942,8916,23,25,1,8,8,7,5,7
136,136,34,2,58,43,0,216,84,4941,2819,20,6,6,7,3,2,0,1
137,137,7,2,87,7,1,1150,53,10650,25150,15,8,2,18,4,2,0,3
138,138,19,1,88,44,0,1329,47,5902,14590,14,4,4,17,15,11,5,9
139,139,19,1,44,3,0,959,41,8639,24835,18,28,2,6,2,2,2,2
140,140,44,3,22,36,0,1240,48,6347,13982,19,9,0,12,11,9,4,7
141,141,5,2,89,45,1,1033,41,4200,10224,22,9,7,10,5,4,0,4
142,142,10,2,90,4,0,1316,83,3452,9752,13,29,5,9,6,5,0,3
143,143,62,2,8,7,0,364,32,4317,2302,20,3,3,19,3,2,2,2
144,144,10,2,73,46,0,438,75,2632,23910,14,18,1,5,5,4,0,4
145,145,24,1,91,47,0,689,35,4668,22812,17,9,0,9,8,7,0,7
146,146,10,2,36,2,0,201,84,3204,10415,14,5,5,8,3,2,2,2
147,147,5,2,92,3,0,1427,35,2720,11162,13,2,0,6,5,3,1,2
148,148,63,2,93,22,0,857,91,17181,12888,13,10,4,21,7,6,7,7
149,149,5,2,71,6,0,933,94,2238,6961,21,9,2,7,5,0,1,4
150,150,5,2,58,3,0,1181,79,1483,16102,14,3,1,1,1,0,0,0
151,151,2,2,41,6,0,1395,54,5605,8504,11,26,1,20,20,7,2,13
152,152,37,1,83,24,0,662,94,7295,11439,13,1,1,10,10,8,0,6
153,153,64,1,39,48,0,1436,34,2306,16047,20,6,2,13,7,7,4,5
154,154,33,2,70,49,0,194,60,2348,10901,18,9,8,20,17,9,0,15
155,155,25,1,94,7,0,967,43,8998,15589,14,8,1,9,9,8,3,7
156,156,15,2,95,12,0,1496,41,4319,26283,13,1,1,10,10,7,0,9
157,157,34,2,96,7,0,1169,34,6132,13983,17,7,2,10,1,0,0,0
158,158,12,2,97,17,0,1145,75,3346,11873,20,9,4,9,1,0,0,0
159,159,37,1,65,22,0,630,67,10855,8552,11,4,7,15,12,11,2,11
160,160,65,1,24,2,0,303,75,2231,11314,18,2,6,6,4,3,1,2
161,161,10,2,80,50,0,1256,80,2323,11992,24,19,1,2,2,2,2,2
162,162,66,2,98,51,0,691,57,2024,5970,18,9,6,6,2,2,2,2
163,163,10,2,35,49,0,440,42,2713,6672,11,21,1,5,5,2,0,2
164,164,67,2,99,49,0,334,83,9439,23402,16,24,3,12,5,3,1,4
165,165,68,2,75,22,0,1450,79,2566,25326,15,3,1,1,1,1,0,1
166,166,18,2,53,18,0,1452,53,19926,17053,15,11,3,21,5,4,4,4
167,167,10,2,57,6,0,465,56,2451,4609,12,14,4,13,9,8,1,8
168,168,37,1,13,6,0,1339,41,9419,8053,12,5,2,12,10,9,7,4
169,169,19,1,18,45,0,702,59,8686,12930,22,1,4,12,8,3,0,7
170,170,10,2,100,7,0,120,43,3038,12430,20,6,3,8,5,4,1,4
171,171,12,2,26,17,0,1157,51,3058,13364,16,17,0,6,5,2,1,1
172,172,65,1,101,20,1,602,100,2325,20989,21,1,0,1,0,0,0,0
173,173,6,2,102,28,0,1480,30,2088,15062,12,3,4,13,8,7,7,2
174,174,49,2,48,35,0,111,66,3072,11012,11,9,1,12,12,9,6,10
175,175,1,1,103,23,0,1268,30,5006,6319,11,4,4,9,5,4,0,3
176,176,12,2,48,2,0,713,67,4257,13939,18,8,4,19,2,2,2,2
177,177,10,2,80,45,0,134,90,2500,10515,14,2,0,4,3,1,0,2
178,178,5,2,104,28,1,303,47,1102,9241,22,2,1,1,1,0,1,0
179,179,37,1,23,30,0,526,92,10453,2137,25,1,1,24,24,13,15,7
180,180,5,2,35,3,0,1380,75,2288,6319,12,9,1,2,2,2,2,1
181,181,12,2,35,52,0,140,95,3929,6984,23,12,8,7,4,2,0,2
182,182,10,2,98,3,0,629,95,2311,5711,15,27,2,9,3,2,1,2
183,183,23,1,58,53,1,1356,70,3140,21728,22,20,1,4,4,3,0,2
184,184,5,2,75,22,0,328,86,3690,3425,15,1,2,5,3,2,0,2
185,185,34,2,105,24,0,1084,57,4450,26250,11,13,1,5,4,2,1,3
186,186,10,2,98,9,0,931,72,2756,4673,13,14,1,8,8,7,1,6
187,187,18,2,8,6,0,989,46,19033,6499,14,4,1,21,20,8,9,9
188,188,27,2,106,3,0,692,61,18722,13339,11,14,8,36,24,15,2,15
189,189,39,2,88,4,0,1069,45,9547,14074,17,2,1,10,10,9,1,9
190,190,69,2,102,16,0,313,98,13734,7192,18,3,3,21,7,7,1,0
191,191,18,2,107,9,0,699,65,19999,5678,14,1,0,34,33,18,11,9
192,192,10,2,98,4,0,894,99,2279,11781,16,9,1,7,7,7,0,3
193,193,35,2,60,27,1,556,50,5916,15497,13,23,3,8,1,0,0,1
194,194,66,2,43,54,0,1344,37,2089,5228,14,7,4,7,5,4,2,2
195,195,70,2,27,12,0,1195,65,16792,20462,23,2,9,22,20,8,11,8
196,196,12,2,108,17,0,290,65,3564,22977,12,21,1,8,8,7,1,7
197,197,26,2,58,18,0,138,37,4425,15986,11,2,5,10,6,2,1,2
198,198,15,2,9,9,0,926,36,5265,16439,16,21,2,11,5,3,0,2
199,199,34,2,8,3,0,1261,88,6553,7259,14,2,9,14,1,0,0,0
200,200,34,2,33,48,0,1084,54,6261,4185,18,29,3,9,7,7,1,7
201,201,39,2,46,12,0,472,60,4298,9679,19,1,5,6,2,2,2,0
202,202,71,2,33,43,0,1002,92,6804,23793,15,18,1,7,7,7,1,7
203,203,4,2,38,55,0,878,43,3815,5972,17,10,1,5,5,3,2,0
204,204,9,2,35,29,0,905,99,2741,16523,15,19,8,15,7,2,3,7
205,205,21,2,109,7,1,1180,70,6673,11354,19,29,7,17,1,0,0,0
206,206,37,1,94,5,1,121,35,7639,24525,22,27,1,10,10,4,1,9
207,207,12,2,110,22,0,1136,60,2328,12392,16,5,1,4,4,2,2,2
208,208,6,2,1,7,0,635,73,2153,7703,13,18,1,8,8,1,1,7
209,209,52,2,111,38,0,1151,63,4876,14242,14,9,9,5,3,2,0,2
210,210,20,2,112,2,0,644,97,9396,12368,16,1,7,17,4,2,0,3
211,211,37,1,113,4,1,1045,32,10400,25812,11,4,1,14,14,8,9,8
212,212,72,2,114,7,0,829,88,8474,20925,22,1,1,12,11,8,5,8
213,213,24,1,38,7,0,1242,90,9981,12916,14,20,1,7,7,7,0,7
214,214,17,2,115,56,0,1469,81,12490,15736,16,8,5,16,10,9,4,7
215,215,12,2,112,18,1,1005,88,2657,8556,11,3,5,8,5,2,0,4
216,216,73,1,6,3,0,896,75,13591,14674,18,6,3,16,1,0,0,0
217,217,24,1,46,53,1,334,52,6696,22967,15,26,5,9,6,3,0,1
218,218,10,2,24,39,1,992,85,2058,19757,14,1,0,7,6,2,1,5
219,219,74,1,111,7,0,1052,57,8865,16840,12,6,6,23,19,7,12,8
220,220,19,1,36,19,0,1147,52,5940,17011,14,3,2,16,6,2,0,5
221,221,33,2,98,32,0,1396,62,5914,9945,16,5,8,16,13,11,3,7
222,222,10,2,2,3,0,147,47,2622,13248,21,4,6,7,3,2,1,1
223,223,32,2,13,57,0,663,47,12185,10056,14,11,1,10,10,8,0,7
224,224,37,1,73,58,0,119,76,10609,9647,12,3,0,17,16,10,5,13
225,225,15,2,116,6,0,979,90,4345,4381,12,1,0,6,5,4,1,4
226,226,10,2,65,25,0,142,70,2177,8456,17,3,3,7,1,0,0,0
227,227,65,1,42,6,0,319,41,2793,2539,17,4,4,13,9,8,5,8
228,228,25,1,94,9,0,1413,42,7918,6599,14,1,1,11,11,10,4,1
229,229,25,1,100,32,0,944,92,8789,9096,14,1,1,10,10,7,0,8
230,230,12,2,47,28,1,896,86,2389,14961,13,18,1,4,4,3,0,1
231,231,5,2,117,28,0,1323,89,3212,3300,15,2,7,6,2,2,2,2
232,232,18,2,22,3,0,532,58,19232,4933,11,4,1,22,22,17,11,15
233,233,61,3,39,4,0,818,52,2267,25657,17,6,8,7,2,2,2,2
234,234,18,1,6,17,0,854,68,19517,24118,11,1,3,32,7,0,0,6
235,235,3,2,35,49,1,813,58,2436,22149,13,14,5,8,5,4,0,4
236,236,38,1,6,2,0,1034,80,16064,7744,22,16,5,22,17,13,1,9
237,237,5,2,89,32,1,465,39,2707,21509,20,2,7,13,9,7,1,7
238,238,75,1,44,45,0,771,79,19068,21030,18,2,1,33,33,7,15,12
239,239,16,1,83,9,0,1401,56,3931,20990,11,4,2,6,4,3,1,2
240,240,3,2,11,36,1,515,62,3730,9571,14,1,0,4,3,2,1,2
241,241,5,2,45,57,0,1431,96,2232,15417,14,1,7,7,3,2,1,2
242,242,28,1,80,7,0,976,100,4465,12069,18,26,0,4,3,2,2,2
243,243,42,2,103,14,0,1411,36,3072,19877,16,19,2,17,1,0,0,0
244,244,42,2,82,24,0,1300,62,3319,24447,17,24,1,9,9,8,4,7
245,245,18,2,118,6,0,252,70,19202,15970,11,1,0,25,24,0,1,7
246,246,76,2,68,2,0,1327,73,13675,13523,12,3,9,9,2,2,2,2
247,247,10,2,47,22,0,832,63,2911,14776,13,5,1,2,2,2,0,2
248,248,34,2,93,2,0,470,84,5957,23687,13,2,6,13,11,9,5,9
249,249,10,2,119,22,0,1017,83,3920,18697,14,1,2,17,3,1,0,2
250,250,39,2,19,12,0,1199,77,6434,5118,17,7,4,9,3,2,0,2
251,251,7,2,120,59,1,504,61,10048,22573,11,10,6,17,1,0,0,0
252,252,55,2,24,27,0,505,64,10938,6420,25,2,0,20,19,6,11,8
253,253,10,2,80,27,0,665,60,2340,22673,19,15,1,6,6,5,1,5
254,254,62,2,105,27,0,916,82,6545,23016,13,17,3,10,3,2,0,2
255,255,19,1,29,6,0,1247,45,6931,10732,14,20,2,10,3,2,0,2
256,256,34,2,12,24,0,685,62,4898,7505,12,1,0,5,4,2,1,2
257,257,3,2,121,19,0,269,56,2593,8007,11,2,0,10,9,6,7,8
258,258,27,2,12,9,0,1416,49,19436,5949,19,2,0,22,21,7,3,9
259,259,10,2,90,60,0,833,96,2723,23231,11,1,1,1,1,0,0,0
260,260,6,2,67,45,1,307,71,3479,11652,11,29,0,6,5,4,1,4
261,261,6,2,122,61,0,1311,100,2794,26062,20,7,1,5,5,1,0,3
262,262,28,1,111,52,0,1327,39,5249,19682,18,2,3,13,8,7,7,5
263,263,33,2,123,18,0,128,84,2176,19737,13,2,4,9,6,2,0,4
264,264,38,1,124,22,0,488,75,16872,14977,12,2,3,28,7,7,7,7
265,265,5,2,73,62,1,529,79,3485,14935,11,2,2,5,0,0,0,0
266,266,19,1,125,40,0,1210,78,6644,3687,19,2,2,10,0,0,0,0
267,267,8,2,126,6,0,1463,64,5582,14408,21,23,0,10,9,0,7,8
268,268,52,2,127,40,0,675,85,4000,18384,12,5,1,6,6,3,1,5
269,269,77,2,90,7,0,1385,79,13496,7501,14,20,0,21,20,7,4,10
270,270,5,2,6,19,0,1403,47,3210,20251,11,6,0,16,15,13,10,11
271,271,78,2,112,7,0,452,81,19045,18938,14,1,0,37,36,10,4,13
272,272,79,2,5,22,1,666,88,11849,10268,12,29,1,10,10,7,9,9
273,273,10,2,29,17,0,1158,94,2070,2613,23,9,1,5,5,2,0,4
274,274,19,1,90,63,0,228,98,6502,22825,14,6,4,7,5,4,0,1
275,275,10,2,30,64,0,996,100,3230,10531,17,3,1,3,3,2,1,0
276,276,80,2,82,40,0,728,80,13603,11677,18,1,2,15,5,2,0,2
277,277,58,2,128,65,0,1315,71,11996,19100,18,22,7,10,7,7,6,2
278,278,1,1,129,2,0,322,44,5605,19191,24,7,1,8,8,0,7,7
279,279,39,2,83,66,0,1479,84,6397,26767,20,1,1,6,6,5,1,4
280,280,27,2,74,67,0,797,96,19144,15815,14,4,3,28,10,4,1,6
281,281,81,2,24,68,0,1070,45,17584,21016,16,3,3,21,5,3,1,3
282,282,19,1,40,3,0,635,99,4907,24532,25,1,1,20,20,16,11,6
283,283,24,1,1,28,0,442,44,4554,20260,18,2,1,10,10,7,0,9
284,284,9,2,94,19,0,147,37,5415,15972,19,20,3,12,10,7,0,8
285,285,82,2,130,2,0,496,60,4741,22722,13,11,1,5,5,3,3,3
286,286,10,2,64,3,0,1372,42,2115,15881,12,1,1,17,17,12,5,7
287,287,51,2,38,69,1,920,43,3161,19920,22,24,3,19,1,0,0,0
288,288,8,2,64,6,0,688,82,5745,18899,14,23,9,10,2,2,1,2
289,289,3,2,5,6,1,1449,45,2373,14180,13,16,2,5,3,2,0,2
290,290,10,2,29,3,0,1117,66,3310,4488,21,8,1,5,5,3,0,2
291,291,54,2,71,11,0,636,35,18665,25594,11,10,9,22,3,2,1,2
292,292,42,2,26,7,0,506,30,4485,26285,12,3,4,10,8,0,7,7
293,293,65,1,102,15,0,444,84,2789,3909,11,5,1,2,2,2,2,2
294,294,1,1,72,26,1,950,48,5828,8450,12,4,1,8,8,7,7,4
295,295,4,2,13,5,0,889,53,2326,11411,12,9,1,4,4,2,1,2
296,296,83,1,26,29,0,555,77,13525,14864,14,26,5,23,20,4,4,8
297,297,5,2,45,7,1,230,54,1420,25233,13,3,1,0,0,0,0,0
298,298,37,1,131,8,0,1232,96,8020,5100,15,16,0,12,11,9,6,9
299,299,6,2,132,40,0,566,81,3688,7122,18,18,4,4,1,0,0,0
300,300,34,2,133,2,0,1302,84,5482,16321,18,2,5,13,4,1,1,2
301,301,14,1,134,7,0,334,88,16015,15896,19,2,1,22,22,10,0,4
302,302,16,1,30,7,0,812,69,1200,9724,12,10,1,0,0,0,0,0
303,303,8,2,15,7,0,1476,68,5661,4824,19,16,0,9,8,3,0,7
304,304,19,1,55,17,0,218,100,6929,12241,11,7,4,10,8,7,7,7
305,305,20,2,135,68,0,1132,48,9613,10942,17,1,0,19,18,10,3,7
306,306,49,2,70,2,0,1105,47,5674,6927,15,24,7,11,9,8,0,8
307,307,19,1,88,17,0,906,91,5484,16985,14,7,1,13,13,8,4,8
308,308,17,2,136,6,0,849,81,12061,26707,17,25,3,19,10,8,0,1
309,309,84,2,137,6,0,390,32,5660,17056,13,1,2,12,5,3,1,2
310,310,12,2,35,19,0,691,86,4821,10077,12,5,0,6,5,2,0,3
311,311,85,3,138,27,0,106,62,6410,17822,12,2,3,9,2,2,1,0
312,312,86,2,89,6,0,1249,97,5210,20308,18,7,1,24,24,9,9,11
313,313,12,2,90,49,0,192,32,2695,7747,18,2,0,3,2,2,2,2
314,314,87,2,134,40,0,553,74,11878,23364,11,5,6,12,10,6,8,8
315,315,38,2,71,3,0,117,99,17068,5355,14,10,1,21,21,9,11,10
316,316,6,2,80,18,0,185,33,2455,10675,19,10,0,9,8,7,1,7
317,317,77,2,75,7,0,1091,90,13964,17810,12,1,7,25,7,1,0,7
318,318,42,2,139,28,1,723,85,4941,17747,15,8,2,11,8,2,7,7
319,319,12,2,53,4,0,1220,85,2478,20938,12,5,1,4,4,3,1,2
320,320,1,1,2,7,0,588,65,5228,24624,11,8,1,13,13,12,11,9
321,321,1,1,95,3,0,1377,74,4478,5242,11,2,1,5,5,4,0,4
322,322,19,1,29,34,0,691,73,7547,7143,12,7,4,13,7,7,1,7
323,323,42,2,140,60,0,1018,74,5055,10557,16,2,7,10,7,7,0,7
324,324,12,2,87,46,1,1157,84,3464,24737,13,2,5,5,3,2,2,2
325,325,42,2,29,40,0,1275,64,5775,11934,13,28,1,11,10,8,1,9
326,326,7,2,107,6,0,798,48,8943,14034,24,7,1,10,10,9,8,9
327,327,88,2,65,6,0,672,54,19272,21141,15,7,1,21,21,9,13,3
328,328,1,1,95,28,1,1162,41,5238,17778,18,3,4,12,1,0,0,0
329,329,24,1,104,70,0,508,46,4682,4317,14,10,3,9,7,7,0,1
330,330,27,2,8,6,0,1482,42,18300,16375,11,5,4,21,3,2,1,1
331,331,26,2,14,23,0,559,82,5257,6227,11,10,1,9,9,7,0,0
332,332,89,1,26,52,0,210,73,6349,22107,13,1,0,6,5,4,1,4
333,333,2,2,38,46,0,928,31,4869,16885,12,20,3,20,4,3,0,3
334,334,20,2,103,10,0,1001,43,9985,9262,16,7,8,10,1,0,0,0
335,335,42,2,33,24,0,549,75,3697,9278,14,8,9,12,10,9,9,8
336,336,1,1,141,42,0,1124,57,7457,13273,22,1,2,6,4,3,0,2
337,337,3,2,142,46,1,318,77,2119,4759,11,8,1,7,7,7,0,7
338,338,5,2,104,7,0,738,30,3983,7621,17,9,0,4,3,2,2,2
339,339,19,1,88,30,0,570,30,6118,5431,13,5,1,10,10,9,1,2
340,340,19,1,41,2,0,1130,56,6214,3415,18,8,1,8,8,7,0,7
341,341,34,2,6,14,0,1192,61,6347,23177,16,5,7,8,6,2,0,4
342,342,43,2,117,2,0,343,92,11510,15682,14,15,0,12,11,10,2,9
343,343,90,2,35,4,0,1232,39,7143,25713,14,7,1,11,11,9,4,10
344,344,1,1,143,40,0,144,39,8268,11866,14,10,1,7,7,7,1,7
345,345,11,2,26,18,0,1296,62,8095,18264,13,5,0,17,16,6,0,13
346,346,10,2,35,14,0,1309,83,2904,16092,12,26,1,4,4,2,0,2
347,347,35,2,144,3,0,483,95,6032,10110,15,6,6,8,5,4,1,2
348,348,91,1,68,3,0,1309,99,2976,25751,19,4,3,5,0,0,0,0
349,349,92,2,49,7,0,810,44,15992,15901,14,23,2,16,1,0,0,0
350,350,28,1,95,17,0,746,61,4649,16928,14,2,1,4,4,3,0,2
351,351,50,3,45,9,0,544,52,2696,24017,11,2,0,4,3,2,1,0
352,352,5,2,131,19,0,1062,75,2370,3956,13,2,1,8,8,0,0,7
353,353,58,1,120,48,0,530,91,12504,23978,21,29,3,15,0,0,0,0
354,354,62,2,7,40,0,1319,51,5974,17001,13,6,4,13,7,7,6,7
355,355,89,1,8,29,0,641,85,4736,6069,12,25,7,4,2,2,2,2
356,356,19,1,9,2,0,933,57,5296,20156,17,1,1,8,8,7,7,7
357,357,8,2,145,16,0,1332,98,6781,17078,23,2,3,14,1,0,0,0
358,358,93,1,136,3,1,756,99,2174,9150,11,1,1,3,3,2,1,2
359,359,28,1,64,16,0,845,45,6653,15276,15,1,4,7,1,0,0,0
360,360,25,1,146,6,0,541,48,9699,7246,11,3,4,16,13,9,1,12
361,361,8,2,4,7,0,593,88,6755,2967,11,1,2,15,3,2,1,2
362,362,3,2,147,2,0,1171,46,2213,22495,13,10,3,10,7,7,1,7
363,363,94,1,42,28,0,895,39,2610,2851,24,9,1,3,3,2,2,2
364,364,23,1,8,7,1,350,34,2851,9150,13,5,1,1,1,0,0,0
365,365,5,2,148,2,0,921,98,3452,17663,20,10,6,17,5,4,0,3
366,366,15,2,45,45,0,1144,30,5258,16044,14,7,2,7,1,0,0,0
367,367,24,1,21,18,1,143,56,9355,9558,18,4,1,8,8,7,7,7
368,368,20,2,111,7,0,1046,100,10496,2755,15,10,6,20,4,3,1,3
369,369,1,1,107,50,1,575,68,6380,6110,12,22,2,8,6,4,1,0
370,370,12,2,2,18,0,408,42,2657,7551,16,9,0,3,2,2,2,2
371,371,16,1,106,26,1,156,90,2716,25422,15,12,1,1,1,0,0,0
372,372,10,2,29,11,0,1283,54,2201,18168,16,23,9,6,3,2,1,2
373,373,8,2,79,18,0,755,97,6540,19394,19,9,9,10,1,1,0,0
374,374,5,2,134,6,0,1469,82,3816,17881,11,1,1,5,5,2,0,4
375,375,19,1,94,27,0,304,92,5253,20750,16,9,1,7,7,5,0,7
376,376,20,2,96,7,0,1261,31,10965,12066,24,7,8,26,5,2,0,0
377,377,19,1,35,22,0,1178,87,4936,14862,11,14,4,18,7,7,0,7
378,378,10,2,8,2,0,329,96,2543,11868,13,2,4,6,2,2,2,2
379,379,89,1,149,28,1,1362,67,5304,4652,13,19,8,9,5,2,0,4
380,380,38,2,35,7,0,1311,97,16659,23258,13,2,2,30,5,4,1,2
381,381,1,1,38,29,0,1371,77,4260,5915,12,10,1,5,5,2,0,3
382,382,16,1,83,2,0,202,72,2476,17434,18,2,1,1,1,0,0,0
383,383,41,2,48,7,1,575,73,3102,6582,22,3,0,7,6,4,0,4
384,384,10,2,5,12,0,253,43,2244,24440,13,11,1,2,2,1,1,2
385,385,37,1,150,40,0,164,61,7596,3809,13,2,1,10,10,9,9,0
386,386,4,2,35,11,1,464,40,2285,3427,23,4,9,3,1,0,0,0
387,387,5,2,112,22,0,1107,95,3034,26914,12,14,1,18,18,7,12,17
388,388,19,1,102,59,0,759,46,5715,22553,12,2,7,8,5,4,1,3
389,389,5,2,109,9,0,201,95,2576,20490,16,1,3,8,5,2,1,2
390,390,35,2,26,4,0,1305,49,4197,21123,12,10,2,18,1,0,0,1
391,391,92,2,136,2,0,982,59,14336,4345,11,12,1,25,25,10,3,9
392,392,33,2,150,2,0,555,78,3448,13436,22,2,6,20,1,0,0,0
393,393,27,2,130,71,0,821,86,19406,8509,11,5,4,24,4,2,1,2
394,394,28,1,100,2,0,1381,72,6538,12740,15,4,9,6,3,2,1,2
395,395,34,2,109,38,0,480,31,4306,4156,12,7,1,13,13,10,3,12
396,396,6,2,33,12,0,313,61,2258,15238,20,21,7,8,3,2,1,2
397,397,21,2,24,3,0,1473,74,4522,2227,14,8,4,8,5,2,0,2
398,398,1,1,126,3,0,891,99,4487,12090,11,4,1,5,5,4,1,3
399,399,45,2,68,40,0,1063,72,4449,23866,15,25,3,15,13,11,10,7
400,400,5,2,121,2,0,329,98,2218,16193,12,1,1,4,4,2,3,2
401,401,95,2,40,2,0,1218,52,19197,8213,14,1,1,21,21,8,1,6
402,402,83,1,151,72,0,906,86,13212,18256,11,6,9,36,7,7,7,7
403,403,19,1,69,16,0,1082,83,6577,19558,11,12,0,6,5,4,4,4
404,404,37,1,15,6,0,645,49,8392,19566,16,1,1,10,10,7,0,7
405,405,33,2,71,6,0,1300,79,4558,13535,12,17,1,10,10,0,1,8
406,406,5,2,130,9,1,688,91,4031,9396,13,3,5,6,2,2,0,2
407,407,90,2,88,11,0,319,39,7969,19609,14,3,2,28,5,4,0,4
408,408,10,2,61,8,0,192,69,2654,9655,21,10,3,8,2,2,0,2
409,409,14,2,29,36,0,1490,30,16555,10310,13,4,2,31,5,2,1,4
410,410,2,2,120,2,0,532,92,4556,12932,11,29,2,19,5,4,0,2
411,411,34,2,152,7,0,317,43,6091,24793,20,2,2,11,5,4,0,2
412,412,18,2,51,62,0,422,41,19566,3854,11,7,5,33,29,8,11,10
413,413,34,2,45,15,0,1485,87,4810,26314,14,18,2,19,10,7,0,8
414,414,96,2,111,73,0,1368,88,4523,4386,11,28,0,7,6,5,0,4
415,415,23,1,153,11,1,1448,62,3202,21972,16,1,1,6,5,3,1,4
416,416,65,1,137,17,1,296,33,2351,12253,16,6,0,3,2,2,1,0
417,417,51,2,6,2,0,1490,42,1702,12106,23,2,1,1,1,0,0,0
418,418,18,1,24,7,0,1398,79,18041,13022,14,2,0,21,20,15,1,12
419,419,10,2,49,74,0,1349,90,2886,3032,22,23,1,3,3,2,0,2
420,420,97,2,35,48,0,1400,53,2097,16734,15,3,4,9,5,3,1,4
421,421,17,2,96,7,0,986,93,11935,21526,18,3,1,10,10,2,0,7
422,422,10,2,67,45,1,408,71,2546,18300,16,25,5,6,2,2,1,1
423,423,61,3,18,32,1,489,52,2564,18437,12,2,1,1,1,0,0,0
424,424,74,1,48,3,0,1398,69,8412,2890,11,22,0,10,9,8,7,8
425,425,14,1,18,17,0,210,56,14118,22102,12,29,3,32,1,0,0,0
426,426,14,2,150,6,0,1099,88,17046,9314,15,29,0,28,27,10,15,7
427,427,97,2,35,4,0,1116,49,2564,7181,14,2,0,12,11,7,6,7
428,428,25,1,81,20,0,1499,80,10266,2845,19,28,4,22,18,13,13,11
429,429,34,2,42,30,0,983,65,5070,7389,13,2,5,20,5,0,0,4
430,430,92,2,73,36,0,1009,51,17861,2288,13,2,6,26,3,2,0,1
431,431,5,2,154,7,0,144,46,4230,19225,15,22,0,6,5,4,4,3
432,432,33,2,45,3,0,548,42,3780,23428,11,8,7,19,1,0,0,0
433,433,10,2,88,2,0,1303,62,2768,8416,12,2,3,14,7,3,5,7
434,434,60,1,47,2,0,1125,94,9071,11563,19,10,2,15,3,2,1,2
435,435,11,2,26,21,0,1274,33,10648,14394,25,9,1,13,13,8,0,8
436,436,73,2,39,45,1,1277,56,13610,24619,12,15,7,15,7,6,7,7
437,437,5,2,155,30,1,587,38,3408,6705,13,10,7,8,4,3,1,3
438,438,16,1,156,3,0,413,57,2983,18398,14,7,0,4,3,2,1,2
439,439,67,2,4,7,0,1276,72,7632,14295,12,16,4,10,8,7,0,0
440,440,55,2,57,7,1,534,66,9824,22908,12,20,3,12,1,0,0,0
441,441,98,3,23,30,1,988,43,9950,11533,15,23,9,11,3,2,0,2
442,442,6,2,39,19,0,1474,97,2093,9260,17,5,4,8,2,2,2,0
443,443,74,1,94,28,0,635,32,9980,15318,14,10,1,10,10,3,9,7
444,444,6,2,114,3,1,1368,99,3894,9129,16,4,5,4,2,2,1,2
445,445,19,1,1,6,0,163,37,4051,19658,14,2,2,14,9,7,6,7
446,446,14,1,5,7,0,1117,83,16835,9873,23,18,3,37,10,9,7,7
447,447,28,1,29,3,0,267,56,6230,13430,14,10,7,16,14,3,1,10
448,448,19,1,40,7,0,619,85,4717,18659,11,1,9,15,11,9,6,9
449,449,99,2,40,3,0,302,75,13237,20364,15,6,7,22,20,6,5,13
450,450,6,2,100,2,0,443,48,3755,17872,11,8,1,8,8,3,0,7
451,451,1,1,13,45,0,828,77,6582,8346,13,2,4,10,6,5,0,5
452,452,90,2,36,15,0,319,56,7406,6950,21,24,1,10,10,9,5,8
453,453,19,1,134,23,0,561,61,4805,16177,19,2,0,9,8,7,3,7
454,454,100,3,69,22,1,426,58,2741,22808,11,17,0,8,7,7,1,0
455,455,34,2,64,75,0,232,34,4262,22645,12,19,4,8,3,2,1,2
456,456,92,2,157,6,0,922,95,16184,22578,19,1,4,10,6,1,0,5
457,457,58,1,47,17,0,688,44,11557,25291,21,7,9,10,5,4,0,1
458,458,93,1,58,3,1,1306,69,1878,8059,14,5,1,0,0,0,0,0
459,459,74,1,158,6,0,1094,58,10932,11373,15,28,3,20,1,0,0,1
460,460,84,2,159,3,0,509,62,6811,2112,17,2,2,10,8,7,0,7
461,461,19,1,57,59,0,775,45,4306,4267,12,29,5,8,0,0,0,0
462,462,19,1,12,3,0,195,80,4859,6698,16,1,1,5,5,4,0,3
463,463,19,1,43,3,0,258,74,5337,19921,12,21,1,10,10,7,5,7
464,464,3,2,160,61,1,471,66,2340,23213,18,24,1,1,1,0,0,0
465,465,11,2,94,32,0,799,59,7491,23848,17,1,4,12,6,5,1,2
466,466,55,2,12,28,0,1034,86,10527,8984,11,18,5,28,2,2,1,2
467,467,14,1,109,6,0,1276,91,16595,5626,16,2,7,22,18,16,11,8
468,468,74,1,5,25,0,142,69,8834,24666,13,9,1,9,9,5,7,7
469,469,62,2,56,24,0,956,78,5577,22087,12,6,3,18,10,9,6,9
470,470,28,1,31,7,1,1474,60,4707,23914,12,11,8,6,4,2,1,2
471,471,65,1,6,24,0,535,38,2400,5530,13,24,0,3,2,2,2,1
472,472,8,2,45,19,0,1495,76,9824,22174,19,10,3,18,1,0,0,0
473,473,34,2,54,22,0,446,65,6447,15701,12,1,6,8,6,5,4,3
474,474,36,2,88,9,0,1245,58,19502,2125,17,18,1,31,31,9,0,9
475,475,12,2,55,24,0,691,89,2725,21630,11,23,1,6,6,5,1,4
476,476,19,1,5,76,0,703,66,6272,7428,20,28,1,6,5,3,1,4
477,477,5,2,144,6,0,823,94,2127,9100,21,17,1,1,1,0,0,0
478,478,88,3,21,6,0,1246,99,18200,7999,11,3,1,32,32,5,10,7
479,479,16,1,40,27,0,622,40,2096,26376,11,13,1,7,7,4,0,6
480,480,51,2,12,19,1,1287,55,2886,14168,16,7,1,6,6,3,1,2
481,481,65,1,161,29,1,448,74,2033,14470,18,12,1,1,1,0,0,0
482,482,12,2,92,2,0,254,83,3622,22794,13,1,1,6,6,5,1,3
483,483,19,1,23,36,1,1365,46,4233,11512,17,13,2,9,3,1,1,2
484,484,33,2,27,3,0,538,54,3681,14004,14,25,4,9,3,2,0,2
485,485,19,1,162,77,0,525,66,5460,6219,22,6,4,13,7,7,5,7
486,486,10,2,32,13,0,798,66,2187,5013,12,6,0,6,5,3,0,3
487,487,1,1,4,17,0,558,75,9602,3010,11,2,4,17,3,0,1,0
488,488,10,2,144,78,0,959,83,2836,11757,13,1,1,1,1,0,0,0
489,489,8,2,90,35,0,622,81,4089,5718,13,2,1,10,10,2,2,2
490,490,81,2,104,17,0,782,50,16627,2671,14,6,4,21,1,0,0,0
491,491,10,2,71,28,0,362,43,2619,14561,17,1,3,8,0,0,0,0
492,492,56,2,8,2,0,1001,72,5679,19627,13,9,3,10,8,7,4,7
493,493,14,2,163,48,0,1236,40,15402,17997,11,1,7,21,3,2,0,2
494,494,85,3,164,79,0,1112,50,5985,26894,11,1,4,10,2,2,0,2
495,495,23,1,24,24,0,204,31,2579,2912,18,14,1,8,8,2,0,6
496,496,16,1,148,2,1,1420,85,3041,16346,11,2,0,5,4,3,0,2
497,497,16,1,45,7,0,1343,49,3447,24444,11,22,1,3,3,2,1,2
498,498,78,2,33,29,0,1315,35,19513,9358,12,3,4,26,2,2,0,1
499,499,10,2,12,3,0,604,69,2773,12145,20,6,0,3,2,2,2,2
500,500,19,1,24,3,0,1216,39,7104,20431,12,8,0,6,5,0,1,2
501,501,62,2,61,22,0,646,92,6322,18089,12,9,1,6,6,4,0,5
502,502,41,2,45,6,0,160,71,2083,22653,20,3,1,1,1,0,0,0
503,503,19,1,36,45,0,238,34,8381,7507,20,1,7,18,14,7,8,10
504,504,10,2,94,71,0,1397,42,2691,7660,12,1,1,10,10,9,8,8
505,505,24,1,51,35,1,306,100,4286,5630,14,26,2,5,1,1,0,0
506,506,3,2,35,6,0,991,71,2659,17759,13,6,1,3,3,2,0,2
507,507,11,2,45,6,0,482,36,9434,9606,15,3,1,10,10,7,7,8
508,508,19,1,68,15,0,1176,62,5561,3487,14,3,1,6,6,0,1,2
509,509,42,2,165,3,0,1017,82,6646,19368,13,6,1,17,17,11,11,8
510,510,96,2,35,49,0,1296,30,7725,5335,23,6,3,15,13,11,4,7
511,511,101,3,131,44,0,397,88,10725,6729,15,19,2,16,9,7,7,1
512,512,35,2,52,6,0,913,48,8847,13934,11,9,2,13,3,2,0,2
513,513,10,2,27,26,0,1115,54,2045,15174,13,3,0,5,4,2,1,1
514,514,12,2,38,18,1,1362,32,1009,26999,11,10,1,1,1,0,1,1
515,515,4,2,89,3,1,1076,70,3348,3164,11,3,1,10,10,8,9,7
516,516,97,2,114,24,0,727,41,1281,16900,18,3,1,1,1,0,0,0
517,517,10,2,166,23,0,885,58,2819,8544,16,4,2,5,3,2,0,2
518,518,19,1,167,19,0,810,57,4851,15678,22,8,0,4,3,2,1,2
519,519,19,1,168,7,0,243,46,4028,7791,20,7,0,8,7,7,0,5
520,520,41,2,62,9,0,806,76,2720,18959,18,1,1,10,10,7,2,8
521,521,19,1,169,3,0,817,56,8120,18597,12,2,3,12,2,2,2,2
522,522,29,1,17,24,0,1410,71,4647,16673,20,3,1,6,6,5,0,4
523,523,10,2,170,7,0,1225,80,4680,15232,17,10,3,4,1,0,0,0
524,524,3,2,147,34,0,1207,74,3221,3297,11,28,1,20,20,8,3,8
525,525,20,2,171,32,0,1442,46,8621,17654,14,9,1,9,8,7,7,7
526,526,19,1,57,3,1,693,65,4577,24785,14,3,9,4,2,2,2,0
527,527,8,2,30,11,0,408,80,4553,20978,11,2,1,20,20,7,11,10
528,528,19,1,29,4,0,929,55,5396,21703,12,10,1,10,10,7,0,8
529,529,29,1,68,19,1,562,50,6796,23452,14,8,3,18,4,3,1,3
530,530,8,2,172,46,0,827,33,7625,19383,13,1,0,10,9,7,1,8
531,531,11,2,71,3,0,608,68,7412,6009,11,1,1,9,9,7,0,7
532,532,17,2,22,16,0,1018,39,11159,19373,15,3,3,10,7,7,7,7
533,533,19,1,36,7,0,703,42,4960,11825,12,14,2,20,7,7,1,7
534,534,102,1,121,6,0,580,48,10475,23772,21,5,5,20,18,13,1,12
535,535,92,2,173,3,0,970,59,14814,13514,19,7,3,32,5,1,1,3
536,536,18,3,126,42,0,427,73,19141,8861,15,10,3,23,21,6,12,6
537,537,19,1,51,27,0,1179,84,5405,11924,14,16,8,10,2,2,2,2
538,538,7,2,112,67,0,294,32,8793,4809,21,10,1,9,9,7,1,7
539,539,18,3,3,2,0,314,59,19189,19562,12,1,1,22,22,7,2,10
540,540,16,1,98,6,0,316,54,3875,9983,15,8,7,4,2,2,2,2
541,541,12,2,174,11,1,654,67,2216,3872,13,1,7,10,7,7,3,7
542,542,103,2,166,6,0,427,63,11713,20335,14,8,9,10,8,7,0,5
543,543,90,2,24,64,0,168,81,7861,15397,14,1,4,10,1,0,0,0
544,544,97,2,37,18,0,381,49,3708,2104,14,24,2,9,5,2,1,4
545,545,104,1,38,14,0,217,49,13770,10225,12,3,9,28,22,2,11,13
546,546,19,1,22,22,0,501,99,5304,25275,23,27,7,10,8,7,7,7
547,547,16,1,45,16,0,1396,99,2642,2755,11,10,1,1,1,0,0,0
548,548,4,2,175,7,1,933,57,2759,20366,12,19,6,7,2,2,2,2
549,549,24,1,59,9,0,775,47,6804,23683,18,15,3,7,2,2,2,2
550,550,8,2,39,7,0,970,96,6142,7360,11,8,3,10,5,1,4,3
551,551,5,2,28,29,0,650,37,2500,4344,14,9,1,5,4,3,0,2
552,552,85,3,176,48,0,141,44,6389,18767,15,3,9,12,8,3,3,6
553,553,69,2,35,39,0,832,81,11103,20420,11,9,7,30,10,7,1,1
554,554,12,2,111,4,0,804,86,2342,22929,20,2,0,5,4,2,2,3
555,555,8,2,163,36,0,975,55,6811,23398,19,7,8,9,7,6,0,7
556,556,16,1,98,40,0,1090,83,2297,17967,14,10,1,2,2,2,2,2
557,557,33,2,29,11,0,346,86,2450,10919,17,6,2,19,2,2,2,2
558,558,52,2,177,29,0,1225,61,5093,4761,11,2,2,16,1,0,0,0
559,559,26,2,61,40,0,430,80,5309,21146,15,24,1,10,10,8,4,7
560,560,12,2,8,69,0,268,92,3057,20471,13,2,6,6,1,0,0,1
561,561,34,2,23,2,0,167,32,5121,4187,14,8,3,7,0,0,0,0
562,562,14,1,119,32,0,621,31,16856,10084,11,3,1,34,34,6,1,16
563,563,12,2,6,4,1,527,63,2686,5207,13,1,1,10,10,9,7,8
564,564,19,1,90,53,0,883,32,6180,22807,23,26,1,6,6,5,1,4
565,565,22,1,178,3,0,954,46,6632,12388,13,2,0,9,8,7,3,1
566,566,10,2,19,3,0,310,79,3505,19630,18,10,1,2,2,2,0,2
567,567,29,1,85,7,1,719,77,6397,10339,12,27,4,8,5,4,1,3
568,568,19,1,6,18,0,304,60,6274,18686,22,2,1,6,6,5,1,4
569,569,78,2,36,6,1,725,78,19859,21199,13,2,5,24,5,2,1,4
570,570,74,1,179,27,0,1434,76,7587,14229,15,8,1,10,10,7,0,9
571,571,66,2,33,2,0,715,41,4258,26589,18,19,0,5,4,3,1,2
572,572,6,2,155,6,0,575,71,4364,5288,14,1,3,5,2,2,2,0
573,573,8,2,68,17,0,657,66,4335,25549,12,27,4,11,8,7,1,1
574,574,19,1,121,4,1,1146,38,5326,3064,17,8,6,6,4,3,1,2
575,575,10,2,172,7,0,182,72,3280,13551,16,1,2,10,4,2,1,3
576,576,35,2,56,35,0,376,95,5485,22670,11,19,9,9,5,3,1,4
577,577,24,1,90,2,0,829,84,4342,24008,19,8,0,5,4,2,1,1
578,578,12,2,56,8,0,571,82,2782,19905,13,10,0,6,5,3,4,3
579,579,105,2,180,7,0,240,75,5980,26085,12,2,6,17,15,7,4,12
580,580,10,2,46,3,0,121,86,4381,7530,11,2,1,6,6,5,1,3
581,581,16,1,49,10,0,384,72,2572,20317,16,8,1,3,3,2,0,2
582,582,5,2,154,40,0,921,38,3833,24375,21,1,3,7,2,2,0,2
583,583,96,2,106,6,0,791,38,4244,9931,24,2,1,8,8,7,3,7
584,584,19,1,148,12,0,1111,93,6500,13305,17,8,5,6,3,2,1,2
585,585,88,2,181,71,0,570,66,18430,16225,13,8,1,24,24,7,14,9
586,586,3,2,182,40,1,1243,63,1601,3445,21,6,1,1,0,0,0,0
587,587,97,2,79,80,0,1092,60,2694,26551,11,9,1,1,1,0,0,0
588,588,33,2,8,2,0,1325,82,3149,21821,20,11,8,9,5,2,1,4
589,589,92,2,24,3,0,691,64,17639,6881,16,2,5,30,4,3,0,3
590,590,3,2,34,12,1,805,36,2319,6689,11,1,1,1,1,0,0,0
591,591,17,2,24,32,0,213,49,11691,25995,11,7,0,14,13,9,3,7
592,592,19,1,130,3,1,118,69,5324,26507,15,16,5,6,3,2,0,2
593,593,38,2,35,17,0,202,33,16752,12982,11,2,1,26,26,14,3,0
594,594,34,2,83,6,0,676,35,5228,23361,15,1,0,10,9,7,0,5
595,595,10,2,173,2,0,1252,81,2700,23779,24,23,1,10,10,7,0,7
596,596,36,2,98,7,1,286,31,19246,25761,12,2,7,40,31,15,13,8
597,597,10,2,147,26,0,1258,40,2506,13301,13,1,3,7,2,2,2,2
598,598,35,2,111,19,0,932,43,6062,4051,13,1,9,8,4,3,0,2
599,599,10,2,24,28,1,890,46,4382,16374,17,2,6,5,2,2,2,1
600,600,61,3,53,6,0,1041,36,2143,25527,13,13,4,8,5,2,0,4
601,601,34,2,114,2,0,859,98,6162,19124,12,4,1,14,14,13,6,8
602,602,26,2,44,16,0,720,51,5094,11983,14,16,6,10,1,0,0,0
603,603,35,2,117,46,0,946,52,6877,20234,24,2,5,12,0,0,0,0
604,604,10,2,50,3,0,252,95,2274,6153,14,2,1,1,1,0,0,0
605,605,34,2,58,17,0,933,98,4434,11806,13,29,1,10,9,8,7,8
606,606,96,2,76,17,0,471,45,6288,4284,15,12,2,13,4,3,1,2
607,607,41,2,47,3,0,702,100,2553,8306,16,16,1,6,5,2,1,3
608,608,37,1,80,41,1,1184,43,7654,5860,18,11,1,9,9,8,7,7
609,609,19,1,35,28,1,436,37,5160,21519,16,2,4,12,9,7,7,3
610,610,92,2,23,2,0,589,94,17159,5200,24,14,6,22,4,1,1,0
611,611,43,2,117,2,0,269,42,12808,8842,16,5,1,9,9,8,0,8
612,612,11,2,9,32,0,950,59,10221,18869,21,7,3,17,8,5,1,6
613,613,1,1,41,7,0,760,81,4779,3698,20,2,1,8,8,7,7,5
614,614,61,3,35,51,0,829,88,3737,2243,19,3,0,4,3,2,0,2
615,615,4,2,107,6,1,887,88,2366,20898,14,5,1,8,8,7,1,7
616,616,66,2,6,81,0,443,50,1706,16571,11,3,1,0,0,0,0,0
617,617,14,1,73,22,0,1318,66,16307,5594,14,26,2,29,20,6,4,17
618,618,8,2,98,4,0,625,50,5933,5197,12,4,9,10,5,2,2,3
619,619,10,2,129,28,0,180,65,3424,21632,13,2,7,6,4,3,0,1
620,620,19,1,166,9,0,586,48,4037,21816,22,1,1,9,9,8,0,8
621,621,10,2,81,28,0,1343,53,2559,17852,11,27,1,6,6,5,1,1
622,622,1,1,94,10,0,928,56,6201,2823,14,1,1,18,18,14,4,11
623,623,19,1,13,17,0,117,73,4403,9250,11,13,2,8,5,2,0,3
624,624,41,2,126,17,0,1012,75,3761,2373,12,5,9,10,5,4,0,3
625,625,60,1,27,2,0,661,78,10934,20715,18,7,7,35,5,2,0,4
626,626,60,1,112,6,0,930,74,10761,19239,12,9,4,18,5,4,0,2
627,627,42,2,173,17,0,638,91,5175,22162,12,8,5,9,5,3,1,3
628,628,106,2,47,3,0,890,81,13826,19028,22,25,3,31,9,8,0,0
629,629,19,1,11,40,0,342,66,6334,24558,19,16,4,9,1,0,0,0
630,630,61,3,92,25,0,1169,63,4936,23965,13,8,1,6,5,1,0,4
631,631,34,2,168,82,0,1230,33,4775,19146,22,1,6,4,2,2,2,2
632,632,3,2,140,22,0,986,62,2818,5044,24,8,2,10,3,2,0,2
633,633,4,2,94,7,0,1271,35,2515,9068,14,2,5,8,2,1,2,2
634,634,61,3,76,3,0,1278,77,2342,8635,21,8,0,6,5,4,0,3
635,635,1,1,71,3,0,141,98,4194,14363,18,3,1,5,5,3,0,3
636,636,90,2,3,6,0,607,66,10685,23457,20,9,1,17,17,14,5,15
637,637,4,2,156,17,1,130,96,2022,16612,19,25,1,10,10,2,7,8
638,638,97,2,64,6,0,300,61,2314,9148,12,1,0,4,3,0,0,2
639,639,19,1,119,79,0,583,87,4256,18154,12,4,1,5,5,2,0,3
640,640,10,2,148,6,0,1418,36,3580,10554,16,1,2,7,4,2,0,2
641,641,97,2,27,4,0,1269,46,3162,10778,17,4,0,6,5,2,3,4
642,642,24,1,58,2,0,379,48,6524,8891,14,5,1,10,10,8,5,3
643,643,16,1,115,2,0,395,98,2899,12102,19,9,0,3,2,2,1,2
644,644,9,2,99,10,0,1265,95,5231,23726,13,3,2,17,5,3,1,3
645,645,12,2,64,6,0,1222,48,2356,14871,19,11,3,8,6,4,0,2
646,646,23,1,96,34,1,341,48,2800,23522,19,1,6,5,3,2,0,2
647,647,48,1,42,2,0,868,73,11836,22789,14,8,5,28,2,0,2,2
648,648,11,2,143,7,0,672,78,10903,9129,16,25,3,16,13,10,4,8
649,649,65,1,90,2,0,1231,54,2973,21222,15,21,5,10,5,4,0,0
650,650,92,2,6,26,0,102,72,14275,20206,18,23,6,33,12,9,3,8
651,651,96,2,64,22,0,422,33,5562,21782,13,1,4,12,5,2,2,2
652,652,1,1,80,6,0,249,35,4537,17783,22,2,0,8,7,6,7,7
653,653,107,1,5,7,0,1252,32,7642,4814,13,19,1,10,10,0,0,9
654,654,70,2,51,2,0,881,98,17924,4544,11,2,1,31,31,6,14,7
655,655,85,3,59,40,0,1383,42,5204,7790,11,2,8,13,5,4,0,4
656,656,50,3,102,55,0,1075,57,2277,22650,11,3,3,7,4,3,0,3
657,657,3,2,42,36,1,374,87,2795,18016,24,25,1,1,1,0,0,1
658,658,5,2,18,83,0,1086,62,2532,6054,14,7,6,8,4,3,0,3
659,659,12,2,28,26,0,661,61,2559,7508,13,9,1,8,8,7,7,1
660,660,19,1,49,3,0,821,98,4908,24252,14,5,1,4,4,2,0,2
661,661,51,2,111,17,1,781,57,2380,13384,14,2,9,3,1,0,0,0
662,662,34,2,21,29,0,177,55,4765,23814,21,8,4,4,1,0,0,0
663,663,16,1,75,28,1,500,49,2044,22052,13,2,1,2,2,2,0,2
664,664,10,2,33,28,1,1427,65,2693,8870,19,18,1,1,1,0,0,0
665,665,21,2,80,22,0,1425,68,6586,4821,17,14,0,17,16,8,4,11
666,666,23,1,168,28,0,1454,65,3294,13137,18,2,1,3,3,2,1,2
667,667,35,2,68,23,1,617,34,4171,10022,19,3,0,4,3,2,0,2
668,668,3,2,141,10,1,1085,57,2778,17725,13,2,4,10,7,7,1,0
669,669,10,2,9,6,0,995,77,2377,9834,18,9,5,6,2,2,2,2
670,670,3,2,36,36,1,1122,70,2404,4303,21,6,7,8,2,2,2,2
671,671,10,2,40,7,0,618,76,2318,17808,19,4,1,1,1,1,0,0
672,672,5,2,54,24,0,546,83,2008,6896,14,10,1,1,1,0,1,0
673,673,19,1,107,16,0,462,68,6244,7824,17,14,7,10,5,4,0,3
674,674,12,2,20,27,0,1198,100,2799,3339,11,1,3,6,3,2,0,2
675,675,67,2,2,2,0,1272,37,10552,9255,13,5,2,24,6,0,0,4
676,676,16,1,150,45,0,154,41,2329,11737,15,7,3,13,7,7,5,2
677,677,21,2,29,49,0,1137,51,4014,19170,25,21,1,10,10,6,0,7
678,678,108,2,21,17,0,527,51,7403,22477,11,8,4,29,26,9,1,7
679,679,10,2,95,14,0,1469,51,2259,5543,17,20,4,13,0,0,0,0
680,680,28,1,38,22,0,1188,45,6932,24406,13,20,1,9,9,8,0,0
681,681,10,2,13,16,0,188,65,4678,23293,18,7,2,8,6,2,0,1
682,682,17,2,56,2,0,1333,80,13582,16292,13,1,1,15,15,12,5,11
683,683,97,2,79,3,0,1184,70,2332,3974,20,1,6,5,3,0,0,2
684,684,23,1,79,30,1,867,36,2413,18798,18,19,1,1,1,0,0,0
685,685,37,1,125,22,0,658,67,9705,20652,12,10,2,11,1,0,0,0
686,686,24,1,20,7,0,1283,52,4294,11148,12,1,1,7,7,7,0,7
687,687,3,2,112,3,0,263,59,4721,3119,13,6,2,20,18,13,2,17
688,688,5,2,45,16,0,938,79,2519,12287,21,2,4,16,11,8,3,9
689,689,23,1,171,32,1,419,37,2121,9947,13,21,1,1,1,0,0,0
690,690,5,2,183,7,1,129,84,2973,13008,19,4,1,1,1,0,0,0
691,691,21,2,6,82,0,616,41,5855,17369,11,12,0,10,9,7,8,5
692,692,4,2,98,6,0,1469,35,3617,25063,14,9,8,3,1,1,0,0
693,693,34,2,48,29,0,498,93,6725,13554,12,3,1,8,8,7,6,3
694,694,60,1,65,25,1,530,51,10325,5518,11,3,1,16,16,7,3,7
695,695,8,2,184,3,0,1069,42,6949,12291,14,1,0,6,5,0,1,4
696,696,37,1,32,36,1,625,46,10609,14922,11,1,5,17,14,1,11,7
697,697,49,2,53,53,0,805,57,4447,23163,12,4,1,9,9,7,0,8
698,698,65,1,90,9,0,1404,84,2157,18203,15,20,1,3,3,1,0,2
699,699,19,1,9,3,0,1219,86,4601,6179,16,18,1,5,5,2,1,0
700,700,14,2,64,22,0,1053,70,17099,13829,15,1,2,26,9,8,7,8
701,701,10,2,95,11,1,289,51,2479,26227,24,2,4,7,1,0,0,0
702,702,14,1,45,23,0,1376,45,14852,13938,13,2,6,22,17,13,15,2
703,703,37,1,100,29,0,231,62,7264,9977,11,8,5,10,8,4,7,7
704,704,89,1,90,27,0,152,85,5666,19899,13,10,1,6,5,3,1,3
705,705,37,1,64,6,0,882,92,7823,6812,13,3,6,12,10,9,0,8
706,706,37,1,19,3,0,903,41,7880,2560,18,2,0,9,8,7,0,7
707,707,109,1,169,4,1,1479,100,13194,17071,16,24,4,22,1,0,0,0
708,708,105,2,173,32,0,1379,64,5067,6759,19,16,1,20,19,10,2,7
709,709,28,1,61,24,0,1229,84,5079,25952,13,8,4,12,7,7,0,7
710,710,68,2,119,26,1,335,46,2321,10322,22,9,0,4,3,2,1,2
711,711,70,1,38,7,0,722,38,17444,20489,11,17,1,10,10,8,6,0
712,712,12,2,121,18,1,906,92,2404,11479,20,10,6,3,0,0,0,0
713,713,10,2,1,11,0,461,53,3452,17241,18,13,3,5,3,2,0,2
714,714,5,2,29,40,0,974,91,2270,11005,14,1,3,8,5,3,0,2
715,715,92,2,6,10,0,1126,66,17399,6615,22,1,9,32,5,4,1,3
716,716,82,2,185,6,0,827,84,5488,20161,13,1,1,6,6,5,1,2
717,717,110,2,120,29,0,840,64,19419,3735,17,9,2,21,18,16,0,11
718,718,5,2,53,6,0,1134,37,2811,12086,14,16,9,4,2,2,2,2
719,719,111,2,112,6,0,248,42,3633,14039,15,23,1,9,9,8,0,8
720,720,1,1,6,26,0,955,83,4163,8571,17,4,1,9,9,0,0,7
721,721,12,2,120,7,1,138,48,2132,11539,11,22,4,7,5,2,0,1
722,722,112,2,38,6,0,939,95,13973,4161,18,24,3,22,12,11,1,5
723,723,41,2,9,31,0,1391,66,2684,12127,17,10,0,3,2,1,0,2
724,724,11,2,8,2,0,566,75,10845,24208,13,7,6,13,8,7,0,7
725,725,34,2,3,50,0,1206,41,4377,24117,15,17,1,5,4,2,3,2
726,726,3,2,2,49,1,622,39,3743,10074,24,14,1,5,4,2,0,2
727,727,39,2,48,12,0,853,96,4148,11275,12,1,1,4,4,3,0,3
728,728,66,2,94,7,0,287,73,1051,13493,15,5,1,0,0,0,0,0
729,729,11,2,45,6,0,1441,56,10739,13943,11,17,8,22,10,7,0,8
730,730,67,2,45,17,0,583,57,10388,6975,11,25,1,16,16,10,10,1
731,731,43,2,15,37,0,153,73,11416,17802,12,8,0,9,8,7,1,7
732,732,12,2,163,7,1,1097,98,2600,18275,15,11,1,1,1,0,0,0
733,733,6,2,41,3,1,109,60,2422,25725,17,5,0,4,3,2,1,2
734,734,34,2,17,7,0,1066,32,5472,3334,12,2,1,8,8,7,1,3
735,735,5,2,186,17,0,217,94,2451,6881,15,8,1,4,4,3,1,1
736,736,8,2,44,26,0,277,97,4240,13119,13,6,2,19,2,2,2,2
737,737,20,2,14,3,0,1355,78,10999,22245,14,4,7,27,15,11,4,8
738,738,34,2,8,16,0,549,42,5003,23371,14,7,6,8,2,2,2,1
739,739,99,2,59,2,0,466,65,12742,7060,16,1,1,21,21,6,11,8
740,740,34,2,49,6,0,1055,47,4227,4658,18,2,0,4,3,2,2,2
741,741,5,2,1,71,0,802,45,3917,9541,20,10,1,3,3,2,1,2
742,742,18,1,8,32,0,265,90,18303,7770,13,5,6,21,1,0,0,0
743,743,5,2,49,18,0,804,64,2380,20165,18,9,4,8,1,0,0,0
744,744,112,2,65,11,0,715,69,13726,21829,13,2,3,30,5,3,4,3
745,745,8,2,187,36,1,1141,61,4777,14382,15,11,5,15,1,0,0,0
746,746,82,2,26,24,0,135,62,6385,12992,14,18,3,17,8,7,6,7
747,747,113,2,84,24,0,247,55,19973,20284,22,7,1,21,21,16,5,10
748,748,1,1,13,27,0,1035,42,6861,4981,12,3,8,19,1,0,0,0
749,749,28,1,142,16,1,265,79,4969,21813,18,29,8,7,2,2,2,2
750,750,18,1,87,2,1,266,57,19845,25846,15,2,1,33,32,14,6,9
751,751,114,1,78,6,0,1448,53,13320,11737,18,28,3,23,12,11,11,11
752,752,28,1,95,2,0,145,95,6347,24920,12,1,0,19,18,7,0,13
753,753,5,2,182,27,1,885,43,2743,8269,16,16,1,18,17,13,15,14
754,754,115,2,112,7,0,945,82,10880,5083,13,22,1,21,21,6,2,8
755,755,94,1,92,4,0,1038,88,2342,21437,19,8,0,3,2,2,2,2
756,756,14,1,64,55,0,1234,90,17650,5404,13,11,3,26,9,3,1,1
757,757,97,2,8,7,0,1109,69,4025,11135,12,29,9,10,8,7,7,7
758,758,19,1,188,22,0,216,75,9725,12278,11,1,0,16,15,1,0,9
759,759,73,1,13,51,0,1089,66,11904,11038,14,1,3,14,6,4,0,4
760,760,61,3,41,3,0,788,36,2177,8318,16,24,1,6,6,3,0,4
761,761,25,1,139,6,0,124,38,7525,23537,12,2,2,30,15,7,6,12
762,762,33,2,120,17,1,660,81,4834,7858,14,15,7,9,1,0,0,0
763,763,4,2,183,6,1,342,57,2042,15346,14,2,6,6,3,2,1,2
764,764,23,1,24,6,0,1333,87,2220,18410,19,10,1,1,1,1,0,0
765,765,16,1,134,18,0,1144,74,1052,23384,22,10,1,1,1,0,0,0
766,766,41,2,100,6,0,1186,44,2821,2997,16,3,3,8,2,2,2,2
767,767,36,2,39,22,0,1464,62,19237,12853,11,2,2,29,8,1,7,7
768,768,8,2,156,28,0,124,35,4107,13848,15,3,3,8,4,3,0,1
769,769,19,1,148,17,0,300,74,8396,22217,14,26,1,8,7,7,7,5
770,770,41,2,32,59,0,921,66,2007,25265,13,1,1,5,5,3,1,3
771,771,27,2,29,43,0,430,40,19627,21445,17,1,9,23,2,2,2,2
772,772,37,1,14,19,0,1082,41,10686,8392,11,2,6,13,9,4,7,0
773,773,41,2,120,19,0,1240,63,2942,12154,19,9,2,18,5,4,0,3
774,774,11,2,72,4,0,796,51,8858,15669,11,12,0,15,14,8,7,8
775,775,70,2,20,32,0,444,40,16756,17323,15,2,7,31,9,7,6,2
776,776,37,1,47,9,0,415,79,10798,5268,13,25,5,18,1,0,0,0
777,777,93,1,64,3,1,769,54,2323,17205,14,9,1,2,2,2,0,2
778,778,5,2,119,70,1,1334,36,1416,17258,13,10,1,1,1,0,1,0
779,779,62,2,163,30,0,1003,74,4615,21029,23,8,8,19,16,13,1,7
780,780,12,2,73,47,1,1323,34,2461,10332,12,4,9,18,10,0,2,7
781,781,116,2,189,4,1,1366,72,8722,12355,12,24,1,10,10,7,1,9
782,782,5,2,190,40,0,192,59,3955,11141,16,1,1,6,5,3,1,3
783,783,34,2,48,10,0,1176,85,9957,9096,15,20,0,7,6,2,0,2
784,784,10,2,191,3,0,509,43,3376,18863,13,7,1,10,10,6,0,8
785,785,20,2,107,71,0,330,65,8823,24608,18,17,0,20,19,9,1,9
786,786,20,2,61,25,0,1492,61,10322,26542,20,20,4,14,11,10,11,1
787,787,97,2,77,80,0,1277,87,4621,5869,19,8,1,3,3,2,1,2
788,788,7,2,134,19,0,1091,65,10976,15813,18,2,3,23,3,2,1,2
789,789,42,2,24,64,0,857,59,3660,7909,13,10,3,10,8,7,1,7
790,790,101,3,34,12,1,1376,91,10482,2326,14,1,9,24,20,6,3,6
791,791,20,2,59,6,0,654,34,7119,21214,15,5,4,9,3,2,1,2
792,792,60,1,177,7,1,1204,86,9582,10333,22,4,0,9,8,7,4,7
793,793,2,2,164,11,1,827,54,4508,3129,22,29,1,14,13,7,3,8
794,794,5,2,12,15,0,895,50,2207,22482,16,15,1,4,4,2,2,2
795,795,96,2,42,39,0,618,45,7756,22266,17,3,0,7,6,2,0,4
796,796,1,1,59,83,0,309,88,6694,24223,14,10,2,8,1,0,0,0
797,797,3,2,64,23,1,1219,32,3691,4605,15,4,1,7,7,7,5,6
798,798,5,2,73,31,1,1330,37,2377,19373,20,21,1,1,1,1,0,0
799,799,12,2,125,26,1,1017,55,2313,2993,20,25,4,5,2,2,2,2
800,800,14,2,36,2,0,469,35,17665,14399,17,2,0,23,22,6,13,7
801,801,6,2,192,40,1,1009,45,2596,7160,15,1,1,1,1,0,0,0
802,802,29,1,38,11,1,959,81,4728,17251,14,1,3,5,0,0,0,0
803,803,24,1,102,2,0,970,30,4302,13401,17,7,0,4,3,2,0,2
804,804,66,2,66,30,0,697,40,2979,22478,17,3,3,6,0,0,0,0
805,805,70,2,140,28,0,1262,35,16885,16154,22,1,2,27,5,4,2,1
806,806,28,1,50,6,0,1050,65,5593,17970,13,9,1,15,15,10,4,12
807,807,20,2,58,11,0,994,87,10445,15322,19,7,7,18,8,6,4,0
808,808,60,1,14,40,0,770,73,8740,5569,14,10,0,9,8,7,2,7
809,809,10,2,80,12,0,1107,93,2514,26968,22,28,4,11,7,5,1,7
810,810,11,2,134,5,0,950,93,7655,8039,17,3,0,10,9,7,1,7
811,811,14,1,12,2,0,406,52,17465,15596,12,3,3,23,12,9,4,9
812,812,37,1,102,7,0,130,32,7351,20619,16,2,7,10,1,0,0,0
813,813,7,2,48,12,0,1082,83,10820,11535,11,27,8,18,8,7,0,1
814,814,46,2,61,80,1,203,84,12169,13547,11,2,7,21,18,7,11,5
815,815,27,2,107,45,0,1308,44,19626,17544,14,14,1,21,20,7,4,9
816,816,12,2,193,84,0,984,70,2070,25326,11,1,1,2,2,2,2,2
817,817,49,2,131,4,0,439,70,6782,8770,15,9,9,9,5,4,0,3
818,818,15,2,82,26,0,217,78,7779,23238,20,18,2,18,11,9,0,9
819,819,65,1,135,19,0,793,67,2791,21981,12,20,0,3,2,2,2,2
820,820,10,2,192,36,0,1451,67,3201,19911,17,2,0,6,5,3,0,4
821,821,24,1,29,2,0,1182,54,4968,18500,11,11,1,5,5,2,0,2
822,822,48,1,171,2,0,174,56,13120,11879,17,8,6,22,9,8,2,3
823,823,39,2,38,28,0,1003,95,4033,15834,11,2,2,5,3,2,0,2
824,824,41,2,98,14,0,490,61,3291,17940,14,10,0,8,7,5,1,1
825,825,33,2,194,3,0,188,56,4272,9558,19,29,4,16,1,0,0,0
826,826,35,2,104,22,0,718,79,5056,17689,15,8,1,10,10,7,1,2
827,827,61,3,175,29,0,433,37,2844,6004,13,1,1,7,7,6,5,0
828,828,4,2,75,6,0,773,39,2703,22088,14,6,1,3,3,1,0,2
829,829,97,2,24,26,1,247,80,1904,13556,12,8,1,0,0,0,0,0
830,830,1,1,89,3,1,603,77,8224,18385,17,9,0,6,5,2,0,3
831,831,3,2,1,19,0,167,46,4766,9051,11,12,3,6,1,0,0,0
832,832,6,2,45,15,1,874,72,2610,6233,12,15,1,2,2,2,2,2
833,833,8,2,47,40,0,367,52,5731,17171,13,25,7,9,6,2,1,3
834,834,10,2,88,52,0,199,55,2539,7950,13,6,1,4,4,2,2,2
835,835,19,1,68,28,0,1400,70,5714,5829,20,9,1,6,6,5,1,3
836,836,61,3,9,36,0,528,100,4323,7108,17,8,1,6,5,4,1,4
837,837,37,1,163,48,1,408,45,7336,11162,13,23,1,11,11,8,3,10
838,838,76,2,40,28,0,593,88,13499,13782,17,9,9,20,18,7,2,13
839,839,104,1,148,4,1,481,44,13758,2447,12,12,0,22,21,9,13,14
840,840,19,1,28,32,0,647,45,5155,2253,13,4,7,9,6,4,1,5
841,841,5,2,3,6,0,982,58,2258,16340,12,1,6,10,8,0,1,7
842,842,5,2,98,7,0,477,49,3597,6409,22,24,8,6,4,3,1,2
843,843,3,2,22,46,1,1485,79,2515,22955,11,12,1,1,1,1,0,0
844,844,5,2,149,6,0,1384,82,4420,13421,22,3,1,8,8,7,0,7
845,845,19,1,107,2,0,852,72,6578,2706,18,10,1,10,10,3,1,4
846,846,117,2,66,48,0,902,92,4422,21203,13,26,3,16,1,1,0,0
847,847,11,2,67,29,0,819,44,10274,19588,18,2,2,15,7,7,6,4
848,848,96,2,121,3,0,669,97,5343,25755,20,1,0,14,13,9,4,9
849,849,6,2,72,29,0,636,47,2376,26537,13,4,1,2,2,2,2,2
850,850,19,1,195,4,1,1372,85,5346,9489,13,9,8,7,4,3,1,3
851,851,94,1,48,34,0,862,76,2827,14947,12,2,1,1,1,0,0,0
852,852,18,2,36,6,0,718,92,19943,18575,13,4,4,28,5,2,4,2
853,853,5,2,1,9,0,1401,54,3131,26342,13,6,1,10,10,8,0,8
854,854,10,2,48,11,0,645,54,2552,7172,25,9,1,1,1,1,0,0
855,855,12,2,73,22,0,1457,83,4477,20100,19,7,4,7,3,2,0,2
856,856,34,2,72,22,0,977,56,6474,9961,13,1,1,14,14,8,3,11
857,857,5,2,159,4,0,805,87,3033,12828,12,3,1,2,2,2,1,2
858,858,12,2,45,11,1,1097,96,2936,10826,11,10,1,6,6,4,0,2
859,859,18,2,8,25,0,1223,50,18606,18640,18,7,3,26,7,7,4,7
860,860,12,2,194,22,0,942,69,2168,26933,18,15,0,6,5,4,1,3
861,861,4,2,117,9,1,1256,48,2853,4223,11,3,0,1,0,0,0,0
862,862,14,1,103,7,0,1402,69,17048,24097,23,2,8,28,26,15,15,9
863,863,66,2,137,3,0,111,74,2290,4279,13,17,2,6,0,0,0,0
864,864,61,3,39,6,0,147,99,3600,8429,13,2,1,5,5,4,1,4
865,865,66,2,190,49,1,906,95,2107,20293,17,5,6,5,1,0,0,0
866,866,19,1,48,34,0,1329,61,4115,13192,19,29,8,8,4,3,0,3
867,867,24,1,58,30,0,1184,62,4327,25440,12,2,5,5,0,0,0,0
868,868,63,2,112,2,0,1421,30,17856,9490,22,2,2,32,2,2,2,2
869,869,5,2,121,30,0,1179,78,3196,12449,12,19,1,6,6,5,3,3
870,870,27,2,156,6,0,1450,52,19081,10849,11,15,5,25,4,2,0,3
871,871,1,1,71,30,0,1361,94,8966,21026,15,17,3,15,7,7,1,7
872,872,5,2,156,48,1,984,97,2210,3372,13,17,1,1,1,0,0,0
873,873,24,1,68,17,0,1146,82,4539,4905,12,25,1,10,10,7,0,1
874,874,5,2,196,19,0,917,60,2741,6865,14,6,1,7,7,7,1,7
875,875,33,2,100,37,0,853,49,3491,11309,13,7,1,10,10,7,8,9
876,876,42,2,64,3,0,200,32,4541,7744,25,29,1,20,20,11,13,17
877,877,16,1,132,7,0,654,43,2678,5050,17,21,1,2,2,1,2,2
878,878,34,2,6,17,0,150,60,7379,17433,11,2,2,12,6,3,1,4
879,879,118,3,197,23,0,179,79,6272,12858,16,2,7,10,4,3,0,3
880,880,1,1,55,2,0,696,52,5220,10893,18,7,0,12,11,7,1,9
881,881,6,2,79,6,0,116,77,2743,7331,20,13,1,2,2,2,2,2
882,882,117,2,38,7,0,1316,38,4998,2338,14,2,4,10,8,7,0,7
883,883,90,2,158,6,0,363,77,10252,4235,21,1,2,17,7,7,7,7
884,884,10,2,49,9,0,117,60,2781,6311,13,9,0,15,14,10,4,10
885,885,19,1,97,29,0,107,84,6852,11591,12,10,7,7,5,1,1,3
886,886,19,1,90,11,0,1356,57,4950,20623,14,10,0,5,4,3,1,1
887,887,12,2,156,6,0,1465,63,3579,9369,21,1,0,12,11,9,5,7
888,888,32,2,130,16,0,458,60,13191,23281,17,26,3,20,1,0,0,0
889,889,107,1,117,65,0,1212,78,10377,13755,11,8,4,16,13,2,4,12
890,890,12,2,51,8,0,1103,42,2235,14377,14,14,1,9,9,7,6,8
891,891,7,2,95,49,0,966,53,10502,9659,17,1,7,33,5,4,1,4
892,892,10,2,162,9,0,1117,72,2011,19982,13,2,1,10,10,5,7,7
893,893,68,2,125,45,1,504,96,1859,6148,25,10,1,1,1,1,0,0
894,894,10,2,82,83,0,1010,97,3760,5598,15,1,1,3,3,2,1,2
895,895,92,2,33,7,0,685,85,17779,23474,14,3,3,36,10,9,0,9
896,896,21,2,71,4,0,1332,80,6833,17089,12,11,1,6,6,5,0,1
897,897,8,2,20,7,0,1062,96,6812,17198,19,24,1,10,10,9,1,8
898,898,19,1,66,7,0,326,48,5171,16490,17,3,5,13,6,1,0,5
899,899,27,2,160,6,0,920,96,19740,18625,14,3,3,25,8,7,0,7
900,900,18,2,32,29,0,1098,85,18711,12124,13,4,2,23,1,0,0,0
901,901,41,2,131,4,0,469,46,3692,9256,12,3,1,12,11,10,0,7
902,902,5,2,167,46,0,969,76,2559,16620,11,2,5,7,1,0,0,0
903,903,10,2,120,30,0,1167,76,2517,3208,11,4,1,5,5,3,0,3
904,904,21,2,90,40,0,1329,82,6623,4204,11,7,1,6,6,0,1,0
905,905,27,2,59,32,0,715,76,18265,8733,12,1,6,25,1,0,0,0
906,906,92,2,72,14,0,694,87,16124,3423,14,1,3,9,7,7,1,7
907,907,10,2,175,53,0,1320,89,2585,21643,17,20,0,2,1,0,0,0
908,908,18,1,70,9,0,1099,88,18213,8751,11,5,7,26,22,9,3,10
909,909,60,1,31,24,0,536,82,8380,21708,14,10,0,10,9,8,0,8
910,910,12,2,188,7,0,265,57,2994,21221,12,25,1,1,1,0,0,1
911,911,10,2,38,6,0,373,47,1223,16901,22,1,1,1,1,0,0,1
912,912,93,1,198,11,1,599,73,1118,8040,14,24,1,1,1,0,1,0
913,913,12,2,90,4,0,583,53,2875,9973,20,4,1,8,8,5,2,2
914,914,78,1,187,7,1,1449,94,18824,2493,16,2,2,26,24,10,1,11
915,915,119,2,144,2,0,177,37,13577,25592,15,8,1,34,33,9,15,0
916,916,6,2,32,36,1,251,45,2625,25308,20,10,1,2,2,2,2,2
917,917,18,1,193,6,0,168,33,18789,9946,14,4,2,26,11,4,0,8
918,918,1,1,71,3,0,131,86,4538,6039,12,2,0,4,3,2,0,2
919,919,95,1,156,15,0,237,83,19847,19196,24,9,4,31,29,10,11,10
920,920,11,2,29,70,0,1429,67,10512,20002,12,18,6,25,9,7,5,4
921,921,26,2,131,75,0,135,46,4444,22534,13,19,4,15,11,8,5,10
922,922,51,2,4,4,0,791,44,2154,6842,11,1,0,5,4,2,0,2
923,923,18,2,151,67,0,1199,92,19190,17477,14,4,1,26,25,9,14,13
924,924,120,3,2,76,0,648,56,4490,21833,11,11,4,14,10,9,1,8
925,925,12,2,24,3,0,735,66,3506,6020,14,6,0,4,3,2,2,2
926,926,62,2,169,7,0,603,78,2372,5628,16,7,6,18,1,0,0,0
927,927,37,1,111,32,0,531,56,10231,20364,14,4,3,23,21,7,15,17
928,928,35,2,26,7,0,429,53,5410,2323,11,2,9,18,16,14,5,12
929,929,20,2,61,6,1,621,73,7978,14075,11,15,1,10,10,7,0,5
930,930,51,2,72,6,0,193,52,3867,14222,12,2,1,2,2,2,2,2
931,931,6,2,150,70,0,968,40,2838,4257,14,6,0,8,7,0,7,7
932,932,71,2,45,3,0,879,72,4695,12858,18,9,7,10,8,4,1,7
933,933,3,2,68,40,1,806,39,3339,17285,13,7,3,10,7,7,7,7
934,934,10,2,56,4,0,640,84,2080,4732,11,1,2,5,3,2,1,2
935,935,10,2,98,28,0,266,40,2096,18830,18,1,1,2,2,2,2,1
936,936,19,1,118,77,0,604,56,6209,11693,15,8,1,10,10,7,0,8
937,937,88,2,70,11,0,364,83,18061,13035,22,25,3,22,0,0,0,0
938,938,38,2,2,35,0,412,94,17123,17334,13,13,6,21,19,9,15,2
939,939,10,2,12,24,0,848,88,2372,26076,12,23,1,2,2,2,2,2
940,940,33,2,95,2,1,1089,79,4883,22845,18,7,1,10,10,4,1,1
941,941,10,2,103,7,1,360,93,3904,22154,13,23,0,6,5,2,0,3
942,942,33,2,146,25,0,1138,48,4627,23631,12,6,0,10,9,2,6,7
943,943,20,2,95,26,0,325,63,7094,5747,12,10,3,10,7,7,1,7
944,944,61,3,112,32,0,991,44,3423,22957,12,1,6,10,7,6,5,7
945,945,49,2,199,85,0,1476,55,6674,16392,11,1,0,10,9,8,7,5
946,946,81,2,56,7,0,1322,43,16880,22422,11,28,4,25,3,2,1,2
947,947,60,1,193,7,1,299,57,9094,17235,12,25,2,9,5,4,1,0
948,948,60,1,70,4,1,1030,64,8446,21534,19,5,9,10,8,7,7,7
949,949,73,2,28,40,0,634,95,11916,25927,23,17,1,9,9,1,0,8
950,950,34,2,57,16,0,524,32,4534,13352,11,18,0,9,8,7,1,7
951,951,107,1,95,15,0,587,57,9852,8935,19,2,1,10,10,8,9,6
952,952,28,1,200,11,0,256,40,6151,22074,13,10,1,19,19,2,11,9
953,953,93,1,156,45,1,1060,54,2302,8319,11,1,1,3,3,2,2,2
954,954,5,2,130,64,1,935,89,2362,14669,12,3,4,10,3,2,1,2
955,955,57,2,24,28,0,495,37,17861,26582,13,2,0,21,20,8,2,10
956,956,18,2,137,9,0,282,58,19187,6992,14,2,4,23,19,9,9,11
957,957,18,3,156,11,0,206,99,19717,4022,14,8,6,36,7,3,7,7
958,958,66,2,9,52,0,458,74,3544,8532,16,16,9,6,4,2,0,0
959,959,20,2,29,31,0,943,86,8500,5494,11,9,0,10,9,7,1,6
960,960,42,2,35,11,0,523,98,4661,22455,13,2,1,9,9,8,8,8
961,961,24,1,71,6,0,1018,66,4103,4297,17,1,0,10,9,3,1,7
962,962,117,2,9,3,0,482,87,4249,2690,11,4,1,9,9,6,1,1
963,963,38,3,53,6,0,770,84,14026,17588,11,5,1,33,33,9,0,10
964,964,19,1,28,2,0,1009,31,6893,19461,15,2,3,11,7,7,1,7
965,965,19,1,71,84,0,507,66,6125,23553,12,15,1,10,10,8,9,6
966,966,5,2,6,81,0,882,67,3669,9075,11,19,3,7,3,2,1,2
967,967,90,2,81,60,1,601,53,10008,12023,14,7,7,31,10,9,5,9
968,968,5,2,70,2,0,329,88,2387,6762,22,1,3,7,4,2,0,3
969,969,24,1,180,22,0,607,83,4639,2261,16,7,2,17,15,7,6,13
970,970,11,2,6,7,0,855,54,7898,18706,11,4,1,11,10,9,0,8
971,971,16,1,99,19,0,1291,98,2534,6527,14,11,8,5,1,0,0,0
972,972,99,2,171,39,0,1405,82,13142,24439,16,11,3,29,5,2,0,3
973,973,97,2,6,20,0,1124,97,1611,19305,15,1,1,0,0,0,0,0
974,974,33,2,72,52,0,817,60,5363,10846,12,1,0,10,9,7,0,0
975,975,24,1,201,3,0,793,43,5071,20392,20,2,3,8,6,2,0,0
976,976,114,1,157,4,1,267,85,13695,9277,17,13,6,24,19,7,3,8
977,977,112,2,156,52,0,1369,68,13402,18235,12,23,4,33,19,16,15,9
978,978,66,2,32,30,0,999,92,2029,15891,20,26,1,5,5,4,0,0
979,979,8,2,202,86,0,1202,89,6377,13888,20,2,5,15,12,11,11,8
980,980,33,2,68,87,0,285,86,5429,17491,13,29,4,10,8,7,7,7
981,981,65,1,47,32,1,703,90,2785,11882,14,2,7,3,1,0,0,0
982,982,29,1,4,31,1,662,67,4614,23288,18,18,0,5,4,2,3,2
983,983,41,2,31,30,0,693,57,2610,15748,11,7,1,4,4,2,0,3
984,984,8,2,22,45,0,404,98,6687,6163,11,2,1,14,14,11,4,11
985,985,19,1,46,52,0,736,48,4724,24232,11,26,1,5,5,3,0,4
986,986,35,2,38,8,1,330,98,6179,21057,15,22,1,10,10,2,6,7
987,987,1,1,27,75,0,1498,44,6120,3567,12,21,3,8,5,4,1,4
988,988,25,1,54,18,0,541,52,10596,15395,11,2,2,14,4,2,3,2
989,989,117,2,33,67,0,1200,75,5467,13953,14,22,3,12,6,2,3,3
990,990,12,2,24,7,0,1439,54,2996,5182,15,4,7,8,6,4,1,3
991,991,24,1,1,45,0,1111,61,9998,19293,13,5,6,8,5,4,1,2
992,992,1,1,83,5,0,499,36,4078,20497,13,2,0,4,3,2,1,2
993,993,116,2,9,6,0,1485,71,10920,3449,21,25,3,13,6,4,0,5
994,994,19,1,203,28,0,1372,93,6232,12477,11,18,2,6,3,2,1,2
995,995,121,2,204,17,0,322,59,13247,9731,11,28,2,24,5,3,0,2
996,996,62,2,159,61,0,930,73,4081,20003,14,6,1,20,20,7,1,8
997,997,1,1,111,3,0,205,98,5769,7100,11,10,1,6,6,2,4,4
998,998,12,2,38,7,1,135,51,2394,25681,13,17,1,8,8,2,7,7
999,999,10,2,27,7,0,683,36,3904,4050,12,2,0,5,4,3,1,1
1000,1000,14,3,48,9,0,1147,31,16799,16616,14,10,0,21,20,7,0,9
1001,1001,5,2,48,36,0,258,54,2950,17363,13,8,9,12,5,4,0,4
1002,1002,5,2,57,16,0,1462,94,3629,19106,18,11,4,8,3,2,0,2
1003,1003,7,2,35,7,0,200,60,9362,19944,11,18,2,10,2,2,2,2
1004,1004,5,2,49,22,0,949,81,3229,4910,11,1,4,7,3,2,0,2
1005,1005,5,2,151,7,0,652,100,3578,23577,12,7,0,8,7,7,0,7
1006,1006,101,3,189,28,0,332,51,7988,9769,13,17,1,10,10,9,0,9
1007,1007,26,2,190,7,1,1475,97,4284,22710,20,28,3,20,4,3,1,3
1008,1008,47,2,80,27,1,337,84,7553,22930,12,14,0,9,8,7,7,7
1009,1009,92,2,29,28,0,971,54,17328,5652,19,1,6,29,20,7,12,7
1010,1010,36,2,112,2,0,1055,76,19701,22456,21,1,3,32,9,8,1,5
1011,1011,92,2,188,77,0,1136,81,14732,12414,13,1,2,31,7,7,0,0
1012,1012,1,1,5,3,0,1174,99,9278,20763,16,3,3,15,5,4,0,1
1013,1013,65,1,84,3,1,667,50,1359,16154,12,1,1,1,1,0,0,0
1014,1014,19,1,56,24,0,855,73,4779,12761,14,7,7,8,3,2,0,2
1015,1015,92,2,21,32,0,182,93,16422,8847,11,8,3,9,3,2,1,0
1016,1016,41,2,112,40,0,560,91,2996,20284,14,1,5,10,4,3,1,3
1017,1017,10,2,136,32,1,202,34,1261,22262,12,8,1,1,1,0,0,0
1018,1018,5,2,109,32,0,1377,91,2099,7679,14,11,0,6,5,0,1,4
1019,1019,33,2,18,4,0,172,37,5810,22604,16,4,1,10,10,4,1,8
1020,1020,19,1,119,8,0,329,98,5647,13494,13,16,4,11,3,2,0,2
1021,1021,10,2,42,22,0,465,74,3420,10205,12,1,7,17,6,5,1,2
1022,1022,16,1,190,7,1,383,68,4400,15182,12,9,3,6,3,2,2,2
1023,1023,97,2,205,36,0,1413,84,3500,25470,14,5,0,7,6,5,1,3
1024,1024,10,2,51,23,0,1255,90,2066,10494,22,1,2,5,3,2,1,0
1025,1025,92,2,120,75,0,359,82,17169,26703,19,2,3,26,20,17,5,6
1026,1026,1,1,4,24,0,1476,42,4162,15211,12,4,1,5,5,4,0,3
1027,1027,19,1,6,17,0,601,97,9204,23343,12,7,4,7,4,3,0,3
1028,1028,5,2,143,22,0,401,86,3294,3708,17,1,5,7,5,4,0,2
1029,1029,12,2,206,53,0,1283,90,2127,5561,12,5,2,7,4,2,0,3
1030,1030,49,2,45,75,0,663,81,3975,23099,11,9,3,11,8,7,0,7
1031,1031,37,1,82,9,0,326,31,10793,8386,18,8,1,13,13,7,9,9
1032,1032,37,1,82,44,1,377,52,10096,15986,11,9,4,28,7,7,4,3
1033,1033,13,2,179,45,1,592,54,3646,17181,23,2,2,11,1,0,0,0
1034,1034,7,2,185,7,1,1445,100,7446,8931,11,1,1,10,10,8,4,7
1035,1035,67,2,25,6,0,1038,95,10851,19863,18,20,2,24,7,7,0,7
1036,1036,61,3,207,3,0,1398,96,2109,24609,18,8,9,8,3,2,0,2
1037,1037,51,2,13,49,1,523,94,3722,21081,13,2,6,7,2,2,2,2
1038,1038,90,2,94,77,0,1448,55,9380,14720,18,29,4,10,3,1,1,2
1039,1039,19,1,103,34,0,1221,96,5486,24795,11,7,4,15,2,2,2,2
1040,1040,61,3,12,26,1,1107,52,2742,3072,15,9,1,2,2,2,2,2
1041,1041,103,2,193,9,0,218,55,13757,25178,11,8,2,16,9,8,4,8
1042,1042,19,1,36,11,0,866,84,8463,23490,18,5,0,6,5,4,1,3
1043,1043,97,2,75,18,0,981,90,3162,7973,14,5,3,7,5,2,0,3
1044,1044,92,2,208,4,0,447,39,16598,19764,12,2,4,35,9,8,8,8
1045,1045,8,2,120,31,0,1495,96,6651,21534,14,5,2,20,3,2,1,2
1046,1046,10,2,45,23,0,896,68,2345,8045,14,2,2,8,3,1,1,2
1047,1047,10,2,102,28,0,1467,49,3420,21158,13,20,1,6,5,2,1,3
1048,1048,24,1,177,40,0,430,54,4373,17456,14,7,0,5,4,3,0,3
1049,1049,19,1,209,7,0,1326,81,4759,15891,18,3,3,15,13,9,3,12
1050,1050,19,1,4,14,0,1358,96,5301,2939,15,16,8,4,2,1,2,2
1051,1051,6,2,42,3,0,748,74,3673,16458,13,9,1,12,12,9,5,8
1052,1052,24,1,73,71,0,383,79,4768,9282,12,1,7,11,1,0,0,0
1053,1053,66,2,9,14,0,990,64,1274,7152,13,7,1,1,1,0,0,0
1054,1054,42,2,206,22,0,405,93,4900,2721,24,1,0,13,12,9,2,8
1055,1055,20,2,53,24,0,1490,35,10466,20948,14,7,3,29,8,7,0,7
1056,1056,122,2,28,8,0,829,71,17007,11929,14,15,7,16,14,8,6,9
1057,1057,65,1,12,23,1,1496,92,2909,15747,15,1,3,5,3,2,1,2
1058,1058,24,1,74,88,1,115,51,5765,17485,11,13,5,7,5,3,0,0
1059,1059,1,1,136,45,1,790,40,4599,7815,23,24,0,16,15,9,10,10
1060,1060,16,1,95,2,0,660,76,2404,16192,13,7,1,1,1,0,0,0
1061,1061,51,2,23,4,1,381,89,3172,16998,11,9,2,4,0,0,0,0
1062,1062,94,1,102,6,0,830,78,2033,7103,13,13,1,1,1,0,0,0
1063,1063,115,2,69,4,0,1193,86,10209,19719,18,2,5,16,2,2,2,2
1064,1064,19,1,114,24,0,1246,77,8620,23757,14,19,1,10,10,7,0,4
1065,1065,61,3,100,23,0,330,46,2064,15428,21,1,0,6,5,3,1,3
1066,1066,21,2,8,7,0,1229,30,4035,16143,16,4,0,4,3,2,1,2
1067,1067,5,2,210,18,0,1099,82,3838,8192,11,4,8,8,5,4,0,2
1068,1068,1,1,45,71,0,571,78,4591,24200,17,14,3,11,5,4,1,2
1069,1069,6,2,46,4,1,289,38,2561,5355,11,2,7,8,0,0,0,0
1070,1070,10,2,44,49,0,1423,72,1563,12530,14,1,1,1,1,0,0,0
1071,1071,24,1,71,18,0,467,55,4898,11827,14,7,0,5,4,2,1,3
1072,1072,33,2,119,2,0,271,43,4789,23070,25,3,4,10,3,2,1,2
1073,1073,6,2,102,34,0,410,97,3180,4668,13,2,0,4,3,2,0,2
1074,1074,34,2,124,14,0,1083,96,6549,3173,14,29,1,8,8,6,1,7
1075,1075,21,2,95,16,0,516,69,6388,22049,17,8,2,14,0,0,0,0
1076,1076,58,2,90,20,0,495,64,11244,21072,25,10,2,10,5,2,0,0
1077,1077,63,2,1,6,0,1050,87,16032,24456,20,11,3,26,14,9,1,12
1078,1078,10,2,76,36,1,224,100,2362,7568,13,1,6,11,9,7,0,7
1079,1079,92,2,112,44,0,136,32,16328,22074,13,28,3,24,20,6,14,17
1080,1080,11,2,58,3,0,1089,32,8376,9150,18,6,4,9,2,0,2,2
1081,1081,14,1,26,29,0,228,51,16606,11380,12,3,8,23,13,12,5,1
1082,1082,20,2,144,61,0,1029,91,8606,21195,19,16,1,11,11,8,3,3
1083,1083,33,2,120,7,0,507,97,2272,24812,14,20,0,5,4,3,1,2
1084,1084,5,2,56,61,1,676,86,2018,21831,14,9,3,15,5,4,1,0
1085,1085,60,1,11,3,0,971,64,7083,12288,14,1,1,10,10,9,8,6
1086,1086,41,2,95,36,1,561,33,4084,4156,12,3,1,7,7,2,7,7
1087,1087,123,2,198,7,0,333,88,14411,24450,13,22,1,32,32,6,13,9
1088,1088,23,1,69,19,0,1440,55,2308,4944,25,7,0,12,11,10,5,7
1089,1089,5,2,67,2,0,1210,68,4841,24052,14,2,4,4,1,0,0,0
1090,1090,42,2,82,7,0,674,47,4285,3031,17,13,1,10,10,8,3,7
1091,1091,8,2,158,2,0,441,39,9715,7288,13,8,3,9,7,7,0,7
1092,1092,34,2,144,7,0,575,44,4320,24152,13,25,1,5,5,3,0,2
1093,1093,10,2,29,2,0,950,97,2132,4585,20,28,4,8,5,4,0,3
1094,1094,47,2,6,48,0,288,40,10124,18611,14,2,2,24,20,8,13,9
1095,1095,19,1,51,20,0,1342,47,5473,19345,12,9,0,9,8,4,7,1
1096,1096,9,2,69,2,0,589,79,5207,22949,12,28,1,15,15,14,5,7
1097,1097,38,3,22,7,0,898,38,16437,17381,21,6,1,21,21,7,7,7
1098,1098,5,2,20,34,0,350,57,2296,10036,14,21,0,2,1,1,0,0
1099,1099,84,2,6,7,0,1142,72,4069,8841,18,8,3,8,2,2,2,2
1100,1100,20,2,74,80,0,538,66,7441,20933,12,1,1,10,10,8,7,7
1101,1101,16,1,60,59,0,1402,98,2430,26204,23,28,0,6,5,3,4,2
1102,1102,42,2,143,6,0,824,67,5878,15624,12,5,3,12,7,1,2,5
1103,1103,23,1,22,28,0,1157,70,2644,17001,21,2,3,7,3,2,1,2
1104,1104,19,1,45,6,0,492,96,6439,13693,14,16,8,18,8,7,7,7
1105,1105,10,2,205,14,0,598,91,2451,22376,18,9,6,5,1,0,0,0
1106,1106,19,1,51,66,0,1242,46,6392,10589,13,8,2,8,2,2,2,2
1107,1107,19,1,34,19,1,740,64,9714,5323,11,1,1,10,10,8,6,7
1108,1108,120,3,45,7,0,888,71,6077,14814,11,10,3,10,6,3,1,2
1109,1109,5,2,93,3,0,992,68,2450,21731,19,1,1,3,3,0,1,2
1110,1110,37,1,53,2,0,1288,33,9250,17799,12,29,3,9,4,2,1,3
1111,1111,3,2,51,6,1,104,69,2074,26619,12,2,1,1,1,0,0,0
1112,1112,11,2,117,19,1,607,78,10169,14618,16,2,0,34,33,7,1,9
1113,1113,34,2,83,40,1,903,81,4855,7653,11,2,4,7,5,2,1,4
1114,1114,124,2,56,17,0,1200,62,4087,25174,14,1,4,9,6,5,1,2
1115,1115,10,2,71,17,0,1108,65,2367,16530,12,15,8,10,8,2,7,6
1116,1116,10,2,42,88,0,479,35,2972,22061,13,7,1,1,1,0,0,0
1117,1117,18,1,47,2,0,685,60,19586,23037,21,26,1,36,36,6,2,13
1118,1118,42,2,181,17,0,1351,45,5484,13008,17,1,9,9,2,2,2,1
1119,1119,10,2,82,18,0,474,89,2061,11133,21,3,1,1,1,0,0,0
1120,1120,19,1,26,2,0,1245,80,9924,12355,11,14,0,10,9,8,7,7
1121,1121,19,1,54,20,0,437,90,4198,16379,12,16,2,8,3,2,1,2
1122,1122,19,1,68,18,0,884,73,6815,21447,13,1,6,15,1,0,0,0
1123,1123,3,2,28,3,0,1370,87,4723,16213,18,3,1,10,10,9,1,5
1124,1124,21,2,73,11,0,670,51,6142,4223,16,10,3,10,5,2,0,4
1125,1125,37,1,211,2,0,1462,38,8237,4658,11,6,2,11,7,6,7,6
1126,1126,96,2,61,89,0,995,87,8853,24483,19,2,1,6,6,4,1,3
1127,1127,78,1,45,6,0,264,59,19331,19519,16,9,4,27,1,0,0,0
1128,1128,10,2,31,6,0,977,45,2073,12826,16,10,2,4,2,2,2,2
1129,1129,56,2,180,2,0,1302,80,5562,19711,13,6,3,9,3,2,0,2
1130,1130,18,2,111,7,0,1059,93,19613,26362,22,9,8,24,1,0,0,1
1131,1131,33,2,85,8,0,750,46,3407,25348,17,28,1,10,10,9,6,8
1132,1132,96,2,3,17,0,653,92,5063,15332,14,10,1,8,8,2,7,7
1133,1133,19,1,112,6,0,118,84,4639,11262,15,14,1,5,5,4,1,2
1134,1134,5,2,167,52,0,990,87,4876,5855,12,27,5,8,6,4,0,2
1135,1135,5,2,66,15,0,1349,63,2690,7713,18,7,1,1,1,0,0,1
1136,1136,14,1,212,62,0,563,56,17567,3156,15,1,1,27,26,0,0,12
1137,1137,3,2,131,34,1,329,51,2408,7324,17,24,1,1,1,1,0,0
1138,1138,68,2,150,4,0,457,85,2814,10293,14,26,1,4,4,2,1,3
1139,1139,125,2,40,2,0,1234,41,11245,20689,15,20,2,32,30,8,12,13
1140,1140,10,2,188,24,0,634,35,3312,18783,17,5,3,6,3,2,0,2
1141,1141,36,2,94,71,0,1313,31,19049,3549,14,7,0,23,22,7,1,10
1142,1142,10,2,97,17,0,241,48,2141,5348,12,7,1,6,6,4,1,1
1143,1143,9,2,101,3,0,1015,50,5769,23447,14,5,1,10,10,7,1,4
1144,1144,28,1,190,6,0,336,52,4385,24162,15,26,1,10,10,7,4,5
1145,1145,24,1,36,3,0,715,54,5332,21602,13,2,7,10,5,2,0,3
1146,1146,35,2,9,40,0,559,76,4663,12421,12,12,9,7,3,2,1,1
1147,1147,39,2,135,2,0,426,42,4724,17000,13,10,1,9,9,7,7,2
1148,1148,5,2,71,17,0,722,84,3211,22102,14,25,1,10,9,6,1,4
1149,1149,34,2,28,34,0,1387,76,5377,3835,13,10,2,10,7,7,7,7
1150,1150,5,2,163,24,0,1302,67,4066,16290,11,19,1,7,7,7,0,7
1151,1151,42,2,127,7,0,819,48,5208,26312,11,18,1,16,16,15,1,10
1152,1152,34,2,25,15,0,580,39,4877,20460,21,27,0,6,5,3,0,0
1153,1153,10,2,35,7,0,546,97,3117,26009,18,5,1,3,2,2,2,2
1154,1154,93,1,13,45,1,544,70,1569,18420,12,3,1,0,0,0,0,0
1155,1155,18,3,4,6,0,1176,98,19658,5220,11,26,3,27,5,2,1,0
1156,1156,33,2,75,2,0,170,76,3069,10302,15,3,0,11,10,8,0,7
1157,1157,11,2,44,40,0,884,80,10435,25800,13,15,1,18,18,15,14,12
1158,1158,52,2,24,9,0,208,52,4148,12250,12,8,1,15,14,11,2,9
1159,1159,34,2,100,42,0,671,85,5768,26493,17,19,3,9,4,3,0,2
1160,1160,39,2,12,36,0,711,81,5042,3140,13,4,0,10,9,2,3,8
1161,1161,34,2,168,24,0,1329,59,5770,5388,19,2,1,10,10,7,3,9
1162,1162,90,2,11,21,0,397,54,7756,14199,19,2,3,10,5,4,0,2
1163,1163,37,1,121,3,1,737,55,10306,21530,17,10,9,15,13,12,6,0
1164,1164,10,2,41,49,0,1470,71,3936,9953,11,10,1,8,8,4,7,7
1165,1165,90,2,22,4,0,448,84,7945,19948,15,16,6,18,4,2,3,3
1166,1166,126,3,42,3,0,602,37,5743,10503,11,1,4,14,10,7,0,2
1167,1167,63,2,117,2,0,365,89,15202,5602,25,4,2,23,2,2,2,2
1168,1168,1,1,87,14,1,763,59,5440,22098,14,15,6,7,2,2,2,2
1169,1169,4,2,42,7,0,567,32,3760,17218,13,2,1,6,6,3,1,3
1170,1170,10,2,206,26,0,486,86,3517,22490,17,8,7,5,3,2,0,2
1171,1171,41,2,6,60,0,591,87,2580,6297,13,2,2,6,4,2,1,2
1172,1172,3,2,183,61,1,1329,73,2166,3339,14,7,3,10,4,2,0,3
1173,1173,19,1,114,7,0,469,42,5869,23413,11,10,9,8,5,2,1,4
1174,1174,20,2,23,50,0,711,42,8008,22792,12,5,4,9,3,2,0,2
1175,1175,39,2,147,50,0,772,77,5206,4973,17,2,1,7,7,7,0,7
1176,1176,34,2,102,3,0,492,66,5295,7693,21,12,4,7,5,4,1,0
1177,1177,92,2,153,40,0,301,72,16413,3498,16,22,3,27,4,2,1,2
1178,1178,17,2,121,34,0,813,50,13269,21981,15,17,5,19,14,11,1,11
1179,1179,16,1,100,3,0,1141,31,2783,13251,19,2,1,2,2,2,2,2
1180,1180,42,2,102,6,0,1130,66,5433,19332,12,3,1,11,11,8,7,9
1181,1181,5,2,21,11,0,311,77,2013,10950,11,7,2,15,4,3,1,3
1182,1182,77,2,14,2,0,465,41,13966,11652,19,6,2,30,15,11,2,12
1183,1183,15,2,88,16,0,894,33,4374,15411,15,1,0,4,3,2,1,2
1184,1184,8,2,197,2,0,1040,79,6842,26308,20,3,6,13,5,4,0,4
1185,1185,14,2,40,25,0,584,91,17426,18685,25,22,3,36,10,8,4,7
1186,1186,92,2,107,2,0,1291,65,17603,3525,24,15,1,14,14,10,6,11
1187,1187,29,1,33,45,1,880,36,4581,10414,24,12,3,13,11,9,6,7
1188,1188,2,2,29,77,0,1189,90,4735,9867,15,1,7,19,13,11,2,9
1189,1189,1,1,125,17,0,991,43,4187,3356,13,5,1,10,10,0,0,9
1190,1190,19,1,6,59,0,392,93,5505,3921,14,2,1,6,6,2,0,4
1191,1191,42,2,102,67,0,977,45,5470,25518,13,2,0,10,9,5,1,6
1192,1192,19,1,82,40,0,1112,67,5476,22589,11,5,1,10,10,0,0,2
1193,1193,3,2,56,22,0,464,74,2587,24941,16,16,4,17,2,2,2,2
1194,1194,6,2,171,3,0,148,42,2440,23826,22,2,1,4,4,3,3,3
1195,1195,14,1,122,30,0,1225,47,15972,21086,14,2,6,29,3,2,1,2
1196,1196,14,2,100,7,0,809,36,15379,22384,14,1,4,23,8,7,0,0
1197,1197,60,1,38,7,0,1206,80,7082,11591,16,23,3,21,2,0,0,2
1198,1198,16,1,177,3,0,727,54,2728,21082,11,9,1,2,2,2,0,2
1199,1199,89,1,35,6,0,530,36,5368,16130,25,16,1,7,6,5,1,2
1200,1200,8,2,120,14,0,1351,80,5347,7419,14,26,6,10,3,2,0,2
1201,1201,50,3,80,30,0,528,44,3195,4167,18,1,4,8,2,2,2,2
1202,1202,3,2,30,7,1,1320,93,3989,20586,11,8,1,5,5,4,1,2
1203,1203,5,2,38,15,0,1495,87,3306,26176,19,4,7,7,0,0,0,0
1204,1204,20,2,172,7,0,1395,48,7005,3458,15,24,3,11,4,3,1,2
1205,1205,93,1,4,24,1,708,95,2655,11740,11,7,2,19,9,7,7,7
1206,1206,5,2,156,7,1,1259,95,1393,24852,12,2,1,1,1,0,0,0
1207,1207,97,2,6,18,0,786,76,2570,11925,20,7,1,7,7,7,5,7
1208,1208,10,2,210,12,0,1441,94,3537,23737,12,22,5,8,4,2,1,2
1209,1209,33,2,104,23,0,1157,57,3986,11912,14,5,1,15,15,10,4,13
1210,1210,20,2,152,29,0,370,92,10883,20467,20,1,3,19,1,0,0,0
1211,1211,5,2,169,85,0,267,79,2028,13637,18,21,1,14,14,11,2,13
1212,1212,24,1,152,14,0,1278,31,9525,7677,14,1,1,6,6,3,1,3
1213,1213,10,2,126,3,0,678,35,2929,20338,12,19,1,10,10,9,8,7
1214,1214,23,1,90,6,1,427,99,2275,25103,21,7,1,3,3,2,0,2
1215,1215,67,2,99,6,0,921,96,7879,14810,19,2,1,9,8,7,6,7
1216,1216,4,2,18,45,0,146,79,4930,13970,14,2,0,6,5,4,1,4
1217,1217,1,1,33,2,0,1179,73,7847,6069,17,2,1,10,10,9,8,8
1218,1218,10,2,175,12,0,581,62,4401,17616,16,9,1,5,5,3,0,4
1219,1219,37,1,8,3,0,918,35,9241,15869,12,6,1,10,10,8,8,7
1220,1220,5,2,4,6,0,1082,43,2974,25412,17,9,9,9,5,3,1,2
1221,1221,22,1,35,4,0,530,51,4502,7439,15,2,3,17,13,7,6,7
1222,1222,116,2,75,17,0,1238,74,10748,3395,23,1,3,25,23,15,14,4
1223,1223,61,3,154,6,1,240,58,1555,11585,11,22,1,1,1,0,0,0
1224,1224,83,1,196,61,1,1093,82,12936,24164,11,9,7,25,23,5,14,10
1225,1225,5,2,154,54,0,390,62,2305,6217,15,17,1,3,3,2,0,2
1226,1226,92,2,193,7,0,1005,48,16704,17119,11,28,1,21,21,6,8,6
1227,1227,41,2,57,17,0,585,56,3433,17360,13,10,6,10,5,2,1,3
1228,1228,5,2,39,29,0,741,69,3477,18103,14,2,1,6,5,2,0,3
1229,1229,118,3,124,19,0,552,60,6430,20794,19,4,6,10,3,2,1,2
1230,1230,35,2,109,2,0,369,92,6516,5041,16,8,2,18,1,0,0,0
1231,1231,5,2,109,47,0,506,91,3907,3622,13,29,1,6,6,2,1,2
1232,1232,8,2,26,3,0,717,34,5562,9697,14,13,6,19,10,7,0,9
1233,1233,34,2,8,2,0,1370,49,6883,5151,16,27,2,17,7,7,0,7
1234,1234,10,2,181,22,0,793,33,2862,3811,12,16,1,10,10,0,0,8
1235,1235,28,1,26,48,0,543,87,4978,3536,11,2,7,4,1,0,0,0
1236,1236,60,1,90,15,0,1277,74,10368,5596,12,2,4,13,10,6,0,3
1237,1237,1,1,213,34,1,1456,96,6134,8658,13,13,5,16,2,2,2,2
1238,1238,19,1,214,7,1,964,34,6735,12147,15,1,6,10,0,0,0,0
1239,1239,5,2,131,61,0,160,51,3295,12862,13,4,1,3,3,2,1,2
1240,1240,39,2,29,28,0,163,30,5238,6670,20,24,2,9,5,4,1,4
1241,1241,111,2,29,6,0,792,77,6472,8989,15,1,1,9,9,8,5,8
1242,1242,37,1,154,49,0,371,80,9610,3840,13,19,3,10,4,3,0,2
1243,1243,18,1,54,28,0,611,88,19833,4349,14,7,1,21,21,8,12,8
1244,1244,101,3,196,75,0,176,56,9756,6595,21,4,4,9,5,0,0,3
1245,1245,41,2,123,7,0,1312,78,4968,26427,16,2,0,10,9,7,0,7
1246,1246,127,3,61,6,0,897,59,2145,2097,14,10,0,3,2,2,2,1
1247,1247,127,3,47,31,1,600,66,2180,9732,11,8,6,6,4,2,1,2
1248,1248,19,1,73,2,0,1003,51,8346,20943,19,5,1,6,5,2,0,2
1249,1249,10,2,35,53,0,1054,67,3445,6152,11,8,1,6,6,2,1,4
1250,1250,16,1,215,3,1,428,52,2760,14630,13,9,1,2,2,2,2,2
1251,1251,82,2,31,20,0,461,70,6294,23060,12,1,8,10,3,2,0,2
1252,1252,37,1,119,6,0,979,94,7140,3088,11,15,2,12,7,7,1,7
1253,1253,12,2,170,34,0,181,97,2932,5586,14,2,0,6,5,0,1,2
1254,1254,28,1,98,4,0,1283,62,5147,10697,15,2,8,13,11,7,1,7
1255,1255,19,1,6,79,0,1313,80,4507,8191,12,11,3,8,5,1,0,4
1256,1256,60,1,130,4,1,211,74,8564,10092,20,16,2,11,0,0,0,0
1257,1257,6,2,67,71,0,594,75,2468,15963,14,2,4,9,6,1,0,5
1258,1258,37,1,57,30,1,1079,70,8161,19002,13,16,2,10,1,0,0,0
1259,1259,10,2,121,6,0,590,91,2109,10007,13,4,1,1,1,0,0,0
1260,1260,8,2,173,2,0,305,58,5294,9128,16,16,3,10,7,0,1,7
1261,1261,66,2,54,3,0,953,65,2718,17674,14,5,2,12,7,7,0,7
1262,1262,21,2,141,6,0,833,60,5811,24539,16,18,3,15,1,0,1,0
1263,1263,4,2,75,19,1,807,38,2437,15587,16,17,9,6,1,0,0,0
1264,1264,5,2,54,81,0,855,57,2766,8952,22,12,8,7,5,3,0,4
1265,1265,27,2,20,30,0,478,60,19038,19805,12,2,8,34,1,0,0,0
1266,1266,124,2,98,14,0,775,90,3055,6194,15,4,5,11,9,8,1,7
1267,1267,5,2,148,40,0,548,94,2289,20520,20,9,1,5,5,3,0,4
1268,1268,89,1,4,2,0,1375,87,4001,12313,14,10,1,15,15,14,0,7
1269,1269,128,2,44,42,0,661,60,12965,22308,20,1,4,27,3,2,0,2
1270,1270,61,3,181,18,0,244,97,3539,5033,13,2,0,10,9,7,1,8
1271,1271,19,1,63,3,0,511,32,6029,25353,12,3,5,6,2,2,2,2
1272,1272,16,1,54,3,1,337,31,2679,4567,13,7,1,1,1,0,1,0
1273,1273,5,2,3,2,0,1153,40,3702,16376,11,6,1,5,5,4,0,4
1274,1274,3,2,48,16,1,1294,79,2398,15999,17,8,1,1,1,0,0,0
1275,1275,19,1,146,24,0,196,91,5468,13402,14,29,1,13,12,7,5,7
1276,1276,58,2,12,7,0,942,53,13116,22984,11,3,2,15,2,2,2,2
1277,1277,19,1,216,40,0,589,46,4189,8800,14,9,1,5,5,2,0,3
1278,1278,36,2,35,2,0,734,46,19328,14218,17,2,7,24,2,1,2,2
1279,1279,67,2,36,12,0,1383,90,8321,25949,13,10,7,15,12,8,5,7
1280,1280,4,2,131,42,1,429,99,2342,11092,12,1,1,6,5,3,2,3
1281,1281,85,3,131,46,0,1239,89,4071,12832,13,8,2,19,10,0,4,7
1282,1282,1,1,22,7,1,303,84,5813,13492,18,27,1,10,10,7,7,7
1283,1283,10,2,212,12,0,867,90,3143,6076,19,8,6,14,10,8,7,6
1284,1284,10,2,35,21,0,1181,82,2044,5531,11,1,1,5,5,3,0,3
1285,1285,17,2,45,3,0,1253,65,13464,7914,21,10,7,9,4,3,2,2
1286,1286,28,1,52,3,0,849,98,7991,25166,15,26,8,6,2,2,2,2
1287,1287,5,2,71,15,0,616,99,3377,25605,17,2,4,7,4,3,0,2
1288,1288,8,2,15,14,0,1128,95,5538,5696,18,13,5,10,0,0,0,0
1289,1289,15,2,13,25,0,1180,90,5762,24442,14,2,2,15,7,7,1,7
1290,1290,129,3,5,34,0,1336,100,2592,7129,13,2,5,13,11,10,3,8
1291,1291,26,2,112,17,1,234,93,5346,6208,17,9,4,11,7,1,0,7
1292,1292,34,2,56,88,1,370,58,4213,4992,15,10,1,10,10,3,0,8
1293,1293,24,1,22,25,0,766,83,4127,19188,18,20,2,7,2,1,2,2
1294,1294,66,2,73,4,0,343,52,2438,24978,13,9,4,7,3,2,1,2
1295,1295,8,2,217,61,0,447,85,6870,15530,12,5,3,11,3,2,1,2
1296,1296,60,1,24,23,0,796,81,10447,26458,13,4,0,23,22,14,13,5
1297,1297,11,2,120,3,0,1092,64,9667,2739,14,10,9,9,7,7,0,2
1298,1298,50,3,102,3,1,920,69,2148,6889,11,20,0,6,5,1,1,4
1299,1299,8,2,98,29,1,261,66,8926,10842,22,21,4,13,9,7,3,7
1300,1300,8,2,22,2,0,1194,52,6513,9060,17,1,4,12,5,3,0,3
1301,1301,19,1,191,59,0,810,92,6799,22128,21,8,1,10,10,8,4,8
1302,1302,70,1,58,31,0,350,52,16291,22577,22,2,4,37,16,9,14,14
1303,1303,5,2,84,29,0,185,91,2705,9696,16,23,0,6,5,4,0,3
1304,1304,90,2,79,19,0,1001,92,10333,19271,12,4,8,28,22,11,14,10
1305,1305,8,2,109,2,0,750,47,4448,10748,12,12,2,15,7,4,7,7
1306,1306,42,2,64,22,0,431,68,6854,15696,15,7,4,14,7,1,1,7
1307,1307,25,1,51,24,0,1125,68,9637,8277,14,7,2,9,3,2,2,2
1308,1308,10,2,48,2,0,1217,67,3591,12719,25,1,1,3,3,2,1,2
1309,1309,64,1,194,67,0,723,77,5405,4244,20,2,2,20,4,2,0,3
1310,1310,19,1,80,11,0,572,46,4684,9125,13,10,1,5,5,3,1,2
1311,1311,123,2,120,3,0,1216,87,15787,21624,14,15,2,23,2,2,2,2
1312,1312,66,2,40,88,0,1431,33,1514,8018,16,14,1,0,0,0,0,0
1313,1313,61,3,105,11,1,359,89,2956,21495,17,18,0,2,1,0,0,0
1314,1314,50,3,138,34,1,350,56,2335,3157,15,13,4,4,2,2,2,0
1315,1315,28,1,9,41,0,589,67,5154,19665,22,2,4,10,8,7,5,7
1316,1316,62,2,98,6,0,430,73,6962,19573,22,2,4,15,1,0,0,0
1317,1317,24,1,42,9,0,1422,92,5675,19246,20,2,1,7,7,7,7,7
1318,1318,51,2,6,28,0,1297,53,2379,19826,14,5,0,6,5,4,0,2
1319,1319,6,2,64,32,0,574,40,3812,7003,13,20,1,11,11,8,3,10
1320,1320,24,1,6,45,0,1318,79,4648,26075,13,10,8,4,0,0,0,0
1321,1321,66,2,9,33,0,355,38,2936,6161,22,10,3,10,6,3,3,3
1322,1322,5,2,40,7,0,207,64,2105,5411,12,9,4,7,2,2,2,0
1323,1323,11,2,6,71,0,706,82,8578,19989,14,2,3,12,9,8,4,7
1324,1324,129,3,90,6,0,280,43,2706,10494,15,1,1,3,3,2,2,2
1325,1325,8,2,137,24,0,726,93,6384,21143,17,29,8,11,7,0,1,6
1326,1326,5,2,38,3,0,1142,81,3968,13624,13,8,4,8,0,0,0,0
1327,1327,1,1,79,28,1,414,82,9907,26186,12,2,7,7,2,2,2,2
1328,1328,48,1,180,9,0,1319,45,13225,7739,12,3,2,25,19,17,2,8
1329,1329,22,1,50,9,0,728,36,3540,7018,21,23,1,9,9,8,5,8
1330,1330,61,3,144,3,0,352,87,2804,15434,11,6,1,1,1,0,0,0
1331,1331,18,2,44,7,0,823,81,19392,22539,13,6,7,21,16,12,6,14
1332,1332,27,2,144,3,0,1224,91,19665,13583,12,10,4,29,22,10,12,9
1333,1333,4,2,72,28,1,459,73,2439,14753,24,24,1,1,1,0,1,0
1334,1334,37,1,131,30,1,1254,64,7314,14011,21,10,5,14,8,7,0,7
1335,1335,41,2,123,22,0,1131,77,4774,23844,19,15,0,8,7,6,7,3
1336,1336,42,2,64,30,0,835,41,3902,5141,14,19,8,7,2,2,2,2
1337,1337,10,2,126,29,0,836,98,2662,7975,20,2,8,19,5,2,0,4
1338,1338,16,1,58,2,0,1172,78,2856,3692,19,3,1,1,1,0,0,0
1339,1339,16,1,13,28,1,945,89,1081,16019,13,9,1,1,1,0,0,0
1340,1340,12,2,156,7,1,391,75,2472,26092,23,7,1,1,1,0,0,0
1341,1341,1,1,60,19,0,1266,63,5673,6060,13,10,1,10,10,9,1,7
1342,1342,33,2,68,6,0,311,89,4197,18624,11,20,1,10,10,8,0,2
1343,1343,60,1,22,34,0,1480,64,9713,24444,13,4,2,9,5,3,1,0
1344,1344,5,2,56,7,0,592,59,2062,19384,14,7,3,11,3,2,1,2
1345,1345,62,2,112,6,0,783,78,4284,13588,22,7,5,16,5,3,0,4
1346,1346,35,2,144,7,0,219,44,4788,25388,11,16,0,4,3,2,0,2
1347,1347,34,2,92,14,0,556,93,5906,23888,13,25,0,10,9,8,3,8
1348,1348,120,3,92,4,0,1213,94,3886,4223,21,2,1,10,10,1,0,8
1349,1349,14,2,89,2,0,1137,98,16823,18991,11,1,2,22,19,7,11,16
1350,1350,12,2,96,17,0,482,90,2933,14908,13,1,1,1,1,0,1,0
1351,1351,19,1,203,53,0,511,89,6500,26997,14,2,0,9,8,7,0,7
1352,1352,63,2,64,2,0,117,58,17174,2437,11,22,3,24,22,17,4,7
1353,1353,8,2,127,9,0,170,78,5033,9364,15,1,2,10,2,0,2,2
1354,1354,68,2,218,6,1,967,85,2307,14460,23,16,1,5,5,2,3,0
1355,1355,5,2,61,3,1,1162,97,2587,10261,16,24,1,5,4,2,1,0
1356,1356,19,1,79,90,0,335,33,5507,16822,16,17,2,12,4,2,1,3
1357,1357,19,1,131,2,0,337,54,4393,26841,21,8,5,14,5,4,1,4
1358,1358,17,2,148,23,0,1396,83,13348,14842,13,6,9,18,13,7,5,7
1359,1359,1,1,22,6,0,1079,86,6583,20115,11,10,2,8,5,2,1,4
1360,1360,1,1,59,28,0,735,75,8103,16495,12,3,3,9,4,2,0,1
1361,1361,5,2,203,31,0,471,62,3978,16031,12,4,8,4,2,2,2,2
1362,1362,6,2,135,2,0,1096,61,2544,7102,18,6,0,8,7,7,7,7
1363,1363,96,2,40,3,0,1297,44,5399,14511,12,1,4,12,4,2,0,3
1364,1364,19,1,69,4,0,217,43,5487,10410,14,10,1,10,10,4,0,9
1365,1365,29,1,47,6,0,783,42,6834,19255,12,1,1,7,7,7,0,7
1366,1366,65,1,151,3,1,746,45,1091,10642,17,24,1,1,1,0,0,0
1367,1367,28,1,37,12,0,1251,32,5736,3987,19,21,6,10,3,2,1,2
1368,1368,10,2,70,17,0,1354,41,2226,6073,11,2,1,6,5,3,1,2
1369,1369,117,2,117,3,0,735,86,5747,26496,15,22,1,16,15,10,6,11
1370,1370,1,1,38,26,1,1475,84,9854,23352,11,13,3,6,2,0,2,2
1371,1371,124,2,131,55,0,1169,64,5467,2125,18,14,8,16,8,7,1,7
1372,1372,19,1,121,2,0,1443,89,5380,20328,16,11,4,6,0,0,0,0
1373,1373,34,2,51,2,0,867,87,5151,12315,25,9,1,10,10,0,7,9
1374,1374,117,2,193,2,0,1394,58,2133,18115,16,8,1,20,20,11,0,7
1375,1375,38,1,6,22,0,605,72,17875,11761,13,21,4,29,1,0,0,0
1376,1376,4,2,219,7,1,238,47,2432,15318,14,5,3,8,4,1,0,3
1377,1377,10,2,94,91,0,1206,71,4771,14293,19,9,2,10,5,2,0,3
1378,1378,110,2,94,3,0,1064,42,19161,13738,15,2,3,28,5,4,4,3
1379,1379,1,1,13,35,0,419,77,5087,2900,12,12,3,14,0,0,0,0
1380,1380,127,3,192,7,1,1337,58,2863,19555,12,22,1,1,1,0,0,0
1381,1381,19,1,28,49,0,682,71,5561,15975,16,18,0,6,5,3,0,4
1382,1382,66,2,45,28,0,1103,49,2144,2122,14,16,1,5,5,3,1,4
1383,1383,68,2,71,23,0,976,48,3065,3995,13,3,1,4,4,2,2,3
1384,1384,97,2,220,3,0,1351,66,2810,9238,22,9,1,5,5,4,0,2
1385,1385,37,1,82,28,0,937,32,9888,6770,21,1,1,14,14,8,2,1
1386,1386,37,1,4,22,0,1239,39,8628,22914,18,13,1,9,8,7,1,1
1387,1387,5,2,71,70,0,157,95,2867,20006,13,1,0,8,7,7,7,6
1388,1388,8,2,89,15,0,136,89,5373,6225,12,1,0,6,5,3,0,2
1389,1389,52,2,90,25,0,1146,34,6667,16542,18,15,5,9,5,1,1,2
1390,1390,2,2,218,16,0,1125,48,5003,5771,21,1,1,10,10,8,8,7
1391,1391,5,2,65,22,1,1404,32,2367,18779,12,17,5,6,4,1,0,3
1392,1392,16,1,190,28,0,1404,59,2858,11473,14,1,4,20,1,0,0,0
1393,1393,1,1,22,7,0,1224,55,5204,13586,11,7,1,10,10,8,0,9
1394,1394,19,1,33,18,0,954,44,4105,5099,14,9,1,7,7,7,0,7
1395,1395,34,2,72,27,0,1373,56,9679,10138,24,5,8,8,1,0,0,0
1396,1396,29,1,42,11,1,754,63,5617,21075,11,26,1,10,10,7,0,8
1397,1397,60,1,183,4,1,1168,66,10448,5843,13,24,6,15,2,2,2,2
1398,1398,42,2,73,58,0,155,67,2897,22474,11,9,3,9,4,3,2,3
1399,1399,96,2,4,30,0,1303,36,5968,18079,20,7,1,9,9,7,2,8
1400,1400,20,2,120,12,0,574,30,7510,16873,17,11,1,10,10,9,0,9
1401,1401,100,3,134,6,0,1444,88,2991,5224,11,1,0,7,6,2,1,2
1402,1402,78,3,185,52,0,189,71,19636,25811,18,26,4,35,10,9,1,4
1403,1403,3,2,113,80,0,1276,59,1129,17536,11,2,1,1,1,0,0,0
1404,1404,48,1,221,3,0,119,77,13341,25098,12,15,0,21,20,8,11,10
1405,1405,124,2,11,7,0,335,37,4332,14811,12,23,1,20,20,9,3,7
1406,1406,103,2,45,29,0,697,40,11031,26862,20,10,4,13,11,7,4,8
1407,1407,35,2,71,3,0,157,77,4440,25198,19,10,6,9,5,2,1,4
1408,1408,8,2,150,4,0,771,45,4617,14120,12,1,1,4,4,3,1,2
1409,1409,5,2,6,84,0,571,78,2647,13672,13,12,1,5,5,2,1,4
1410,1410,26,2,95,29,0,692,73,6323,26849,11,11,1,10,10,9,9,4
1411,1411,19,1,70,19,0,444,92,5677,4258,14,2,3,15,11,8,5,10
1412,1412,61,3,131,3,0,309,82,2187,19655,14,2,4,6,2,0,1,2
1413,1413,5,2,102,70,0,911,76,3748,4077,13,1,1,12,12,8,1,7
1414,1414,3,2,4,22,0,977,57,3977,7298,19,2,6,7,2,2,0,2
1415,1415,20,2,120,3,0,1180,84,8633,13084,23,25,2,25,17,14,12,11
1416,1416,97,2,96,42,0,1313,59,2008,20439,12,1,1,1,1,1,0,0
1417,1417,19,1,156,24,0,1321,86,4440,7636,15,1,0,16,15,13,5,8
1418,1418,16,1,73,12,0,1154,54,3067,6393,19,2,0,3,2,2,1,2
1419,1419,39,2,44,12,0,508,72,5321,14284,11,6,2,10,8,3,7,7
1420,1420,62,2,112,17,0,557,35,5410,11189,17,18,6,9,4,3,1,2
1421,1421,10,2,33,2,0,642,76,2782,21412,22,1,3,12,5,3,1,0
1422,1422,103,2,83,74,0,1162,98,11957,17231,18,1,0,14,13,8,5,12
1423,1423,3,2,4,2,0,1490,43,2660,20232,11,11,7,5,2,2,2,2
1424,1424,10,2,38,45,0,581,63,3375,17624,12,1,0,4,3,2,1,2
1425,1425,42,2,69,18,0,1395,48,5098,18698,19,9,1,10,10,7,0,8
1426,1426,21,2,1,25,0,501,95,4878,21653,13,15,0,10,9,7,8,1
1427,1427,5,2,79,3,0,267,49,2837,15919,13,29,1,6,6,2,4,1
1428,1428,5,2,42,8,0,543,83,2406,4060,19,1,8,8,1,0,0,0
1429,1429,16,1,97,6,0,234,68,2269,18024,14,1,0,3,2,2,2,2
1430,1430,42,2,82,7,0,116,52,4108,5340,13,24,7,18,7,7,1,7
1431,1431,17,2,178,2,0,201,99,13206,3376,12,10,3,20,18,16,1,11
1432,1432,37,1,35,24,0,801,48,10422,24032,19,1,1,14,14,10,5,7
1433,1433,43,2,135,6,0,161,42,13744,15471,25,10,1,16,16,11,6,8
1434,1434,1,1,120,17,0,1382,85,4907,13684,22,8,0,6,5,3,0,4
1435,1435,94,1,49,8,0,585,40,3482,19788,15,29,2,16,9,8,0,0
1436,1436,12,2,13,7,0,1037,42,2436,13422,12,1,6,6,4,3,1,2
1437,1437,23,1,71,16,0,501,58,2380,25479,11,5,1,2,2,2,1,2
1438,1438,53,2,6,28,0,105,87,19431,15302,13,9,2,21,6,0,1,3
1439,1439,65,1,177,17,1,638,33,1790,26956,19,9,1,1,1,0,1,0
1440,1440,37,1,18,40,0,557,94,7644,12695,19,3,0,10,9,7,3,4
1441,1441,39,2,134,34,0,688,97,5131,9192,13,4,7,18,4,2,0,2
1442,1442,52,2,100,22,0,667,57,6306,26236,21,1,1,13,13,12,1,9
1443,1443,12,2,49,54,1,1092,36,4787,26124,14,1,9,4,2,2,2,2
1444,1444,18,2,57,4,0,300,56,18880,17312,11,2,5,24,22,6,4,14
1445,1445,5,2,38,92,1,310,72,2339,3666,11,7,8,14,10,9,9,8
1446,1446,99,2,136,2,0,582,60,13570,5640,23,28,0,21,20,7,0,10
1447,1447,19,1,11,40,0,704,95,6712,8978,21,28,1,8,8,7,1,7
1448,1448,28,1,63,71,0,301,88,5406,10436,24,15,1,15,15,12,11,11
1449,1449,19,1,79,9,0,930,57,8938,12227,11,3,2,14,5,4,0,4
1450,1450,10,2,36,11,0,529,78,2439,11288,14,2,1,4,4,2,1,2
1451,1451,130,3,35,7,0,1146,31,8837,16642,16,26,1,9,9,0,1,7
1452,1452,19,1,42,12,0,345,100,5343,5982,11,10,1,10,10,7,1,9
1453,1453,24,1,39,24,1,878,94,6728,14255,12,1,7,12,6,3,0,1
1454,1454,19,1,184,22,0,1120,100,6652,14369,13,11,4,8,6,3,0,0
1455,1455,19,1,4,3,0,374,50,4850,23333,15,20,8,8,5,3,0,1
1456,1456,10,2,75,7,0,1322,52,2809,2725,14,2,2,8,2,2,2,2
1457,1457,82,2,24,75,0,1199,80,5689,24594,14,18,1,10,10,2,0,2
1458,1458,10,2,9,30,0,1194,98,2001,12549,14,2,2,20,5,3,0,2
1459,1459,10,2,198,9,0,287,62,2977,8952,12,1,1,4,4,3,1,1
1460,1460,9,2,143,6,0,1378,46,4025,23679,13,13,4,10,4,3,0,3
1461,1461,10,2,93,61,0,468,73,3785,8489,14,28,1,5,5,4,0,4
1462,1462,60,1,93,2,1,410,39,10854,16586,13,28,4,20,3,2,2,0
1463,1463,48,1,184,22,0,722,60,12031,8828,11,24,0,21,20,9,9,6
1464,1464,15,2,109,7,0,325,74,9936,3787,19,5,0,10,9,4,1,7
1465,1465,16,1,11,7,0,1167,30,2966,21378,18,5,0,5,4,2,0,0
1466,1466,26,2,118,2,0,884,41,2571,12290,17,23,4,17,5,2,0,3
1467,1467,20,2,163,9,0,613,42,9991,21457,15,6,4,9,7,7,1,7
1468,1468,35,2,128,52,0,155,87,6142,5174,20,4,1,6,6,2,0,3
1469,1469,24,1,144,28,0,1023,63,5390,13243,14,2,2,17,9,6,0,8
1470,1470,33,2,206,32,0,628,82,4404,10228,12,8,2,6,4,3,1,2
